931985	成泰燊
987354	张丰毅
999877	郭涛
1101842	刘威
1126178	许还山
1249271	吴刚
1250122	张雨绮
1252641	王柠
1269810	段奕宏
1756870	刘雨欣
2144996	夏昊
892836	戴立忍
900610	高捷
923612	妻夫木聪
924551	舒淇
925071	张震
938415	石隽
1016974	倪大红
1186840	梅芳
1248960	谢欣颖
1249107	周韵
1255044	阮经天
1267512	张少怀
1307708	咏梅
1580195	忽那汐里
1747678	许芳宜
2148042	雷震语
2156696	毕安生
2227192	田碧华
2227194	孙沛
2227195	张廷佾
2227196	张廷轩
2227198	柯祈佑
2227200	沈孟龙
2227201	黄金
2227204	王家羽
892815	刘伟强
914789	翁世杰
917379	关晓彤
924884	余文乐
938150	邓丽欣
952066	王羽
987306	金士杰
1022472	杨宗宪
1249511	周一围
1249959	黄晓明
1252696	蒲巴甲
1266212	文章
1285108	李宇春
1300176	张志忠
1483771	李达超
1539157	焦爱民
1547812	高天
1575942	井柏然
1663259	郭鹏
1777423	李梦
1894542	郭明尔
2168615	王巍
939536	王宝强
987362	潘长江
1176298	雪村
1248645	金雅琴
1249054	郭德纲
1250029	邓紫衣
1297564	许慧欣
893086	冯德伦
893382	雷宇扬
923221	钟欣潼
925979	方力申
927400	罗慧娟
1094099	黄圣依
1184098	唐诗咏
1186623	邓梓峰
1327934	田亮
1392816	罗强
1438214	袁玉华
1495483	何赛舟
1526001	陈工
1556036	孙祖杨
1693776	周秀娜
1732295	钟国雄
2224703	马阅
2224707	茜利妹
2224711	朱熏
2224743	穆文婷
2224755	龙华森
2224763	廖翠珍
2224764	陈世腾
2224765	程国栋
2224767	杜少珍
2224768	张笑千
1497375	李立宏
1846372	陆揆
1851681	张杰
1851682	姜广涛
1851880	刘校妤
1851892	冯盛
1854816	张瑶函
1859183	宝木中阳
1942639	刘芊含
2100570	孟泉霖
2231031	常进
893535	周润发
912927	巩俐
912934	渡边谦
953599	大卫·摩斯
1136091	水源士郎
1248625	菊地凛子
1463989	张茵
1557335	嘉玛·陈
1700258	梶冈润一
912939	章子怡
924680	金城武
928659	长泽雅美
931809	杨祐宁
938418	杨贵媚
939290	黑木瞳
944769	佟大为
956797	秦海璐
962145	俞飞鸿
984502	尤勇
990048	方青卓
1007725	林保怡
1063196	丛珊
1139104	宋慧乔
1172310	姜彤
1175487	王澜
1249153	张嘉译
1254856	刘仪伟
1256154	王志飞
1257737	于震
1258662	许还幻
1265518	寇世勋
1286868	杜旭东
1451514	林美秀
1546221	王千源
1599331	符冲
1690263	吴飞霞
1723720	三浦研一
1799635	寇家瑞
1902891	白微
2028980	黄柏钧
2087793	牛春龙
2133676	黑木真二
893566	吴镇宇
917382	夏雨
925356	余男
928503	杨采妮
956786	吴京
1249824	马苏
1254967	张立
1318628	马国伟
1793537	何铁红
923347	陈建斌
923645	周迅
1019181	马精武
1101846	龚洁
1129047	陆毅
1134217	焦晃
1175629	董子武
1177751	谷洋
1177818	张凯丽
1248974	毕彦君
1249117	王绘春
1250011	乔振宇
1250614	李文波
1254511	任泉
1255067	马勇
1255478	姚橹
1255659	王斑
1282768	吴连生
1300978	张兴哲
1456370	李桓
1458856	刘峰超
1476096	马强
1519959	刘泳辰
1549170	李欣汝
1691693	陈燃
1860411	陈伟栋
1903638	徐越
1908536	阚金明
2231006	王庆元
2231008	黄文光
2231010	李春鹏
2231011	陈列军
2231013	汤木春
2231014	纪永清
2231016	周建涛
2231017	骆明翰
996615	苏有朋
1175615	黄爱玲
1176138	颜丹晨
1249403	林涛
1257929	于娜
1259838	范明
1636358	海涛
1663338	刘羽琦
1663340	黄楚涵
1736601	侯剑
1796518	苏日娜
1838984	叶一云
1838985	贺建忠
1838986	齐俊盛
1838987	谷昕
1838988	王亮
1838991	高俊伟
1838992	汪鹄
1838993	王启红
1011156	赵志刚
1249223	霍思燕
1539085	郭晓然
1685751	唐以诺
1737520	葛思然
892845	冯小刚
893450	梁家仁
908112	刘家辉
912937	杨紫琼
924252	安志杰
943799	周杰伦
945063	郭晓冬
987001	赵文卓
1200573	黎烈弓
1248986	闫妮
1470599	向佐
1476351	刘畊宏
1551279	蒋璐霞
914403	杰曼·翰苏
935588	扎夫·帕鲁
1199099	肖恩·凯瑞
1265362	本·巴恩斯
1511112	黎太和
920988	山姆·尼尔
923220	陈小春
1021773	王姬
1329790	陈保元
1818843	李林金
1035417	马羚
1249007	何炅
1249877	喻恩泰
1252408	孙渤洋
1273205	谢娜
1301353	李承铉
1605275	杜海涛
1642379	李维嘉
1642380	吴昕
1671335	金伊彤
1731639	君君
893302	曾志伟
924681	刘德华
927399	罗家英
927911	李健仁
929639	范冰冰
954572	卢思思
996604	樊少皇
1159857	唐一菲
1177752	孟瑶
1191203	郭品超
1249968	徐熙媛
1249992	张俪
1251645	吴宗宪
1256981	郑元畅
1256983	贺军翔
1258441	丁晟
1258805	周浩东
1260424	肖剑
1295188	恒力
1297239	刘洋
1427169	徐娇
1429970	石云鹏
1440676	陈建州
1528894	王毅
1635160	李若嘉
1803606	王胜利
1820781	黄立成
1826700	郑亦桐
1860536	李东学
1994369	何强
2190303	王岗岗
2224600	骆文博
897567	斯坦·李
902449	乔恩·费儒
905282	文斯·奥佛
915297	萨拉·贝克
920630	唐·钱德尔
923262	琼·里弗斯
924106	本·金斯利
924274	盖·皮尔斯
924576	卡伦·莫斯
931079	肖恩·托布
941428	王学圻
964915	黛尔·迪奇
965852	比尔·马赫
969537	比利·莫茨
974028	马克·库柏
1011736	伊温·兹玛
1225159	巴伦·杰伊
1481169	丹·布朗
1521103	亚当·佩里
1619180	塔拉·麦肯
1823587	金·法瑞斯
1888661	米切尔·叶
1948276	劳伦·约克
2013766	马特·奈
2035458	辛蒂·古迪
2087433	约翰·卡特
893386	午马
931618	梁小龙
1010127	林威
1059485	麦德罗
1459078	陈天星
1499816	黄习恒
1568442	刘梓妍
892908	成龙
919365	卢惠光
928505	于荣光
942612	王力宏
965773	牛犇
1101839	吴樾
1268943	许凝
1424541	吴永伦
1454552	刘承俊
1550004	徐冬梅
1637488	林鹏
1826560	何钧
1839039	王梓一
1860922	杜玉明
1876786	赵耀东
1883565	韩飞行
1883744	晋松
1897246	王海祥
1897247	闫彦龙
1958320	冀涛
1958324	杨政
1958327	涂圣成
2055683	杨帆
2063283	征长张
2065771	易扬
2192204	黄健明
918716	王洛勇
968224	陈晓东
985101	伊能静
1149183	张静初
1251644	孔维
1255850	邓家佳
1263025	袁文康
1587637	芙蓉姐姐
893301	泰迪·罗宾
893545	梁家辉
922604	李冰冰
924250	刘嘉玲
940058	吴耀汉
1250930	王德顺
1254934	刘金山
1256584	邓超
1259562	秦焰
1815917	黄永刚
1824419	陈晓
1875644	赵家林
1875645	何晟铭
1875646	蒋燕鸣
1875648	符荷晴
1875649	徐楠
1875650	柴进
893540	英达
910028	曾江
923348	柳云龙
1177475	刘璇
1246593	李小冉
1254821	方芳
1318615	矢野浩二
1627462	木幡龙
1736691	竹本孝之
980271	姜宏波
984410	李梦男
1249526	白小英楠
1177773	赵毅
1805101	周小飞
934137	陈道明
939394	徐帆
1176973	刘莉莉
1248779	陈瑾
1249212	李晨
1251772	杨立新
1255711	吕中
1282981	王子文
1465290	张国强
1744726	张子枫
1744727	张家骏
1770079	马秋子
1826970	干露露
1974652	李皓男
893053	张同祖
924271	廖启智
928694	郭富城
953381	桂纶镁
954566	夏文汐
994394	甘国亮
994402	李绮虹
1270288	万茜
1292819	施予斐
927888	陶虹
939537	王双宝
1176851	宁浩
1248675	徐峥
1249885	黄渤
1251590	多布杰
1258793	杨新鸣
1260456	郭虹
1594216	巴多
2075578	王佩
2075579	赵虎
1249088	岳小军
1249136	傅淼
1300216	海一天
1410478	刘姝含
1769913	李泽锋
1769914	秦子涵
2225582	优恵
985097	徐若瑄
1426398	王成阳
1639875	苏嘉航
1847772	苏香玫
953420	陶泽如
991889	郑昊
1248747	侯勇
1249215	李琦
1302118	王奕
1413700	黄杨
923219	古天乐
924644	莫文蔚
937415	黎耀祥
989554	黄奕
1176160	印小天
1285132	陈西贝
1535958	梁大维
2231547	吕秀华
2231548	杨成成
2231549	王春山
2231550	曹金宝
2231551	周芳
2231552	赖一鸣
924247	陈柏霖
1035178	王琄
1255756	莫子仪
1265604	童瑶
1297544	蔡淑臻
1541377	纪培慧
893602	伍仕贤
922605	龚蓓苾
922607	吴超
924666	吴彦祖
1144980	白雪云
1248656	韩童生
1249272	王砚辉
1260082	翟小兴
1268055	张默
1301436	赵宁宇
1747653	丽萨·S
892954	王晶
893538	张达明
923222	蔡卓妍
924892	林雪
925482	许绍雄
929025	詹瑞文
929109	吴君如
938675	谭俊彦
939286	森美
957608	苑琼丹
1251600	王宗尧
1395843	李曼筠
1571575	陈伟霆
1734051	高海宁
892851	谷德昭
892977	许鞍华
893068	刘国昌
916259	任达华
965227	夏萍
1078862	秦沛
1687366	钟绍图
1706195	李治廷
1717934	蔡颖恩
908136	袁祥仁
938673	吴建豪
942293	谷峰
948749	罗兰
957607	林子聪
1003404	李小璐
1260195	黄德斌
1530310	蓝钧天
1627777	加护亚依
892825	洪金宝
893008	甄子丹
897501	陈观泰
923349	赵薇
1009170	刘松仁
1052749	冯克安
1177692	戚玉武
1250036	徐子珊
1251032	徐向东
1257203	吴尊
1259380	陈之辉
1595862	史磊
1695469	刘卓灵
893423	郑则仕
925485	罗莽
1024611	释小龙
1310025	谢丽萍
1459340	敖嘉年
1498407	熊黛林
1607898	杜宇航
1675138	蒋岱言
1748421	郑家星
893058	袁和平
893385	刘家荣
925068	梁朝伟
925073	萧炳林
925487	卢海鹏
934139	吴廷烨
938500	徐锦江
962025	刘洵
962883	张智霖
965769	赵本山
997292	王庆祥
1248303	王珏
1258202	张晋
1275346	江道海
1280072	陈美诗
1283492	高照林
1301354	李思思
1459980	尚铁龙
1598051	小沈阳
1736162	吴云飞
1865304	何佩瑜
2057523	凌志华
2074119	任欣羽
2083401	周小飞
2092791	吴艺璇
2227850	曾招儿
2227852	王满成
2227854	红阿姑
2227855	尹纯雄
2227866	倪海峰
2227867	萧诗琳
2227868	丁敬宝
2227869	李瑞鹏
2227870	吴玲
2227871	庄元章
924890	惠英红
1176638	刘亦菲
1300902	余少群
1318623	李菁
1558408	巩新亮
1826603	王丹怡栗
2225199	张爱钦
925076	董洁
1193309	冯勉恒
1757283	石班瑜
1765968	黄蕾
1765969	苏子龙
1765970	吕萍
1765971	于军
925920	林小湛
928506	尹子维
931619	元华
1248788	邹兆龙
1269657	黄智贤
1278923	江若琳
1519942	铁南
1577656	谭竣浩
1826712	张宝雯
2226573	刘俐
892871	姜文
926633	廖凡
927109	权相佑
929637	房祖名
934396	白露娜
1067060	林凤娇
1101898	李宗盛
1162772	肯尼·基
1188337	施祖南
1255417	白冰
1426411	李日升
1521472	阿拉·萨菲
1531533	姚星彤
1925560	张蓝心
2020988	白雷森
923642	陈坤
939291	邵兵
939393	葛优
942020	胡军
959601	绀野千春
967567	姜武
1198035	苗圃
1476057	郭俊立
1503568	胡明
1577066	吴昔果
1701608	马珂
1720234	杜奕衡
1752657	危笑
1752658	杨奇雨
1796317	马元
1813178	李静
1814856	赵铭
1835114	陈磊
1868758	文祥
2225766	姜洪齐
2230982	周蟠
2230984	方志丹
2230985	黄西妮
2237888	沙瑀
2237889	高木天
2237890	洼田美香
2237891	田场惠美子
2237893	户泽早季
2237894	栗城理惠
2237895	高久保康子
2237896	宫城保奈美
2237897	三桥叶子
2237898	福田佳兴
2237899	石仓初美
2237900	中原明子
2237901	内田麻里
892861	侯孝贤
893657	王童
931989	赵涛
953955	潘迪华
1010265	林强
1724092	韩寒
1813700	陈丹青
2231037	杨小佛
2231038	杜美如
1175463	祝新运
1249529	胡可
1257940	张页川
1290966	李光洁
1641049	杨潇
1826608	宁宁
1826609	张宁江
892915	陆川
951553	孙海英
959989	蒋雯丽
991984	濮存昕
1175788	李建华
1308434	蔡国庆
1739121	李丹阳
1832423	胡泽涛
2226675	郭永章
893147	郑丹瑞
903079	谢霆锋
924894	何华超
928510	吴浩康
929030	张家辉
959552	尹扬明
968215	姜皓文
1005274	梁小冰
1030146	刘江
1251544	金刚
1260329	李成昌
1260532	郭政鸿
1485955	钟舒漫
924886	杜汶泽
927404	王敏德
936656	方中信
968238	连凯
1171400	杨羚
1727869	卢文康
892846	冯小宁
1103861	胡晓光
1175625	郭达
1251009	尹国华
1538581	刘薇
1715508	戴菲菲
2227280	宝德
2227290	廖崇儒
899554	黄秋生
927403	唐文龙
939702	郑中基
942189	田启文
954981	李子雄
986403	邓萃雯
1251642	江一燕
1254696	吴秀波
1409366	吴映洁
1467791	方安娜
1654566	包贝尔
1724328	张颂文
1949480	苗驰
1949481	向恬冉
938716	仓田保昭
953592	马跃
1031846	周弘
1260453	刘涛
1263383	陈佳佳
1289022	凯洱
1300224	周扬
1423286	黄小蕾
1539291	张慧
1586789	来喜
1651247	黑泽良平
1691066	吕晓霖
1776346	石峰
1873554	夏一瑶
2225430	张淮禹
2226904	美浓轮泰史
931740	郑雨盛
934143	鲍起静
945063	郭晓东
952320	林熙蕾
968571	吴佩慈
1255376	游本昌
1256094	李宗翰
1258392	吴中天
1266333	佟磊
893300	潘源良
905415	黎明
924248	任贤齐
927906	张文慈
1000487	杨峥
1184096	刘浩龙
1202379	叶璇
1236747	余家伦
1255698	汤嬿
1260097	陈淑芬
1275344	应昌佑
1310735	金来群
1430893	谭凯
1845250	周志强
1847811	罗天池
2225608	廖爱玲
892987	叶大鹰
927401	连晋
1007392	孟广美
1022437	徐啸力
1655095	顾莉雅
943991	李勤勤
1100252	袁苑
1177569	李嘉存
1251015	李耕
1256216	张大礼
1263796	郭金
1699038	沙井昌
1250877	张涵予
1257957	徐玉琨
1654949	阿幼朵
1816570	耿长军
2109196	李孟明
967584	吴辰君
1655179	韦至
1655180	刘彦君
2225592	程依
924270	林嘉欣
951252	戎祥
1035040	王刚
1249886	刘桦
1250119	洪剑涛
1254857	那威
1259653	冯粒
1260406	英壮
1261429	莫小棋
990679	归亚蕾
1248798	蓝正龙
1249295	张孝全
1255683	刘雅瑟
1509793	杨洋
1509818	蒋梦婕
1509819	李沁
1518239	黄轩
2107175	王薇
893007	赵燕国彰
953912	王宇婕
1257797	于东江
1268726	焦恩俊
1757770	李舒桐
1148665	周婷
1663951	易立
1941336	刘勇
1941340	聂盛杰
1941343	王鲁
1941345	钟桂林
2229729	亚拉亚姆
2229730	滕梦乔
2229731	珠玛
892772	元奎
892888	李力持
892909	刘镇伟
893482	钟镇涛
923227	刘以达
927478	梁咏琪
927907	朱茵
927910	元彪
936268	王合喜
944772	王学兵
948753	谭耀文
948758	梁汉文
959026	谢君豪
964646	陈国坤
1003955	蔡少芬
1011897	江约诚
1021935	魏骏杰
1100511	赵志凌
1100512	元秋
1100513	释彦能
1193304	陈凯师
1202817	孙俪
1225122	麦子善
1248617	官恩娜
1249310	于滨
1255397	沙溢
1257967	于谦
1318375	李依晓
1399394	张一山
1426187	王祖蓝
1523962	大张伟
1523963	王文博
1523964	郭阳
1559998	厉娜
1657234	艾梦萌
1732291	许晚秋
1732293	方晧玟
968220	吴孟达
1012768	黄光亮
1017234	黄一山
1252497	姚晨
1257763	朱雨辰
1272881	张晨光
1304228	蒋小涵
1686691	马艳丽
924485	金尚浩
952027	高圆圆
1260124	马少骅
983940	谢天华
1600436	王子
1655076	周奇奇
1723604	林正豪
1723606	程伊
1723631	鲁昕儿
1723632	陈加
1723641	刘姝嫚
2038376	石天琦
892993	张艾嘉
1255283	刘洁
1673680	方励
1694246	肥龙
1825995	金晶
1869386	李斯丹妮
892999	张一白
996509	刘蓓
1022433	郭柯宇
1027331	费振翔
1258451	黄健翔
1259902	张恒
1260422	姜超
1290739	姚笛
1410080	九孔
1429485	雪村
1500013	王劲松
1636614	何云伟
1750196	曹云金
1811789	夏凡
1257340	洪涛
1259980	吴健
1295118	付瑶
927280	桑伟淋
1007935	熊欣欣
1030191	于海
1177820	师小红
1251774	梁镜珂
1256297	包海龙
1260556	尹铸胜
1300142	巴森扎布
1308082	冯绍峰
1667390	昂和妮玛
1746547	窦骁
1899181	其那日图
2163975	图门巴雅尔
2230893	宝音格西格
2230894	锡林都乐
1177344	孙兴
1246587	董勇
1301255	黄娟
1420892	周晓鸥
1476356	田中千绘
1594217	王迅
898883	李连杰
1007152	严敏裘
1248622	朱媛媛
1251805	张新华
1259109	马超
1646183	大鹏
2226691	周冰
943989	丁嘉丽
1249231	秦昊
1250310	李玲玉
1256273	王奎荣
1690275	王紫逸
1690276	李菲儿
1753704	何雨檬
2227394	李庆
917288	刘烨
968122	林心如
1175560	杨海泉
1177825	张延
1254292	林依轮
1255405	黄素影
1257680	王珞丹
1877555	胡一虎
1886663	张然
2227037	张国栋
1248765	句号
1249008	杨紫
1286861	张少华
1688138	凌淋
1760575	王翀
1008472	鲍国安
1249244	刘亚津
1258273	海清
1469133	彭波
1784474	王翰
1801748	赵文浩
1805881	陈飞宇
1810422	大庆
892812	陈果
904631	刘若英
924883	张学友
925074	张曼玉
929107	林海峰
938501	虹萱
957593	陈子聪
962020	容祖儿
1232834	吕燕
1289379	陈肥
1466940	杨颖
1506614	卫诗雅
1659187	付辛博
1864502	何琢言
2232198	杨淇
1009155	麦长青
1174621	黄志明
1442485	石安妮
1500322	陈志云
1810220	祖丽晴
1810222	邓玉婷
1810223	梁颖
1810225	高全胜
1810226	赵娜
1950000	刘红韵
1973842	苏永乐
2101892	张琳
2231667	曾佩仪
2231668	李秀仪
2231669	程文意
2231679	林芷筠
2231680	吴敏熹
2231681	曾秀清
2231686	贾译
2231687	郭语
2231688	陶杰
2231689	黄旭明
931202	安藤政信
1690873	韩鹏翼
1740615	徐冲
1826538	刘晓晔
956774	孙红雷
990139	李立群
1050536	谢园
1177024	马丽
1248663	周韦彤
1251086	黄海波
1254854	林志玲
1255390	赵子琪
1259153	马德林
1599749	甘薇
1741885	马健
1748513	曹炳琨
1942591	隋凯
1949953	张子栋
906114	马特·狄龙
940801	梅·惠特曼
1177483	郑钧
1257938	刘芸
2183634	郭麒麟
2209169	朱云峰
2209170	小小岳
2209290	孙越
893299	黄百鸣
939705	田蕊妮
953421	潘粤明
992187	李香琴
1016242	朱咪咪
1021179	夏春秋
924251	应采儿
940915	黄一飞
1297223	石小满
1502227	阿穆隆
1541371	邱翊橙
1550001	王栎鑫
2158733	游乐儿
922622	吴大维
1255238	何润东
1294734	包小柏
1490272	景甜
893050	陈友
925980	杨千嬅
928508	吴嘉龙
936267	谭咏麟
942021	黄岳泰
950354	郑佩佩
1246590	吴晓敏
1249109	张榕容
1249249	巴特尔
1249338	唐群
1250941	赵阳
1253558	杨静
1318299	孙桂田
1473699	金莎
1535017	王睿
1663435	蒋依依
1683413	诺民
1796517	李智楠
1802837	郝泽嘉
1806120	张大静
1812701	陈廷嘉
1834081	郝爱民
1902030	热依扎
2232641	彭建新
2232642	邢俊伟
2232648	蔡齐
2232650	魏学东
914938	原丽淇
923229	黄又南
929031	张兆辉
934067	谷祖琳
1044851	林司敏
1431820	徐正曦
924888	林苑
929638	瞿颖
1022546	巫刚
1149179	刘磊
1463998	叶一茜
1551169	王文林
1691782	苏青
1713287	赵美彤
996834	惠天赐
1100510	董志华
1416252	白静
1464249	周德华
1583299	王妍苏
893682	李兆基
922608	高亚麟
936260	陈百祥
967509	郑祖
980032	八两金
1248921	杨臣刚
1257768	周立波
1518916	殷叶子
1557154	章龄之
1721177	戴筱轶
1883730	李雯雯
2225195	及珊
2225196	马瑞蔓
911757	休·杰克曼
924253	蒋怡
929161	全智贤
938420	陆弈静
962967	高圣远
971291	王盛德
985100	邬君梅
1066262	沈丹萍
1100311	孙飞虎
1177609	方舟波
1252121	许守钦
1691757	张立秋
1691759	丁宵虎
1828632	詹妮弗·林
1849209	胡靖筠
1876800	曹世平
1906363	张瑞珈
940057	廖碧儿
1100019	李国麟
1184095	张敬轩
1520852	马赛
1547420	张继聪
1707525	陈嘉桓
1707526	叶准
1259574	王大治
1280025	白培将
1285100	何洁
1481626	王亚彬
1635450	谭卓
1702920	李京怡
892894	李修贤
943398	斯琴高娃
1044365	杨丽菁
1047573	梁天
1088592	傅艺伟
1227515	莫少聪
1789687	罗中旭
936121	李雪健
957595	吕丽萍
1175640	奚美娟
1457034	陈星旭
1481068	萨日娜
1747552	于新博
1772902	周冬雨
1819599	姜瑞佳
1901652	贺小语
2227390	易歆韵
2227391	裘慕远
2227392	胡馨元
2227395	高叶
923776	渡部笃郎
931853	小林成男
1055841	薛白
1175792	聂远
1177151	高虎
1251592	奇道
1260428	曹可凡
1269470	山中崇
1508882	顾璇
1700302	李飞
1723715	涩谷天马
1793593	王聪
1834090	项斌
1879781	倪妮
1881375	张歆怡
1881382	黄天元
1881383	韩熙庭
1881384	张逗逗
1882048	王超北
1882049	王羽铮
1882050	郭晓明
1885361	袁杨纯子
1885362	朱良奇
1885363	白雪
1885364	孙佳
1885365	周梦乔
1885366	周羽
1885368	邓莉
1885369	苏小妹
1885370	叶清源
1885371	戴瑶君
1885372	沈俊然
1885373	李楚楚
1885374	金子欣
1885376	李瑞琦
1885377	谷艺璇
1885378	许佳丽
1885379	张照怡
1885447	李玥敏
1885448	钱柳吟
1885449	王靖雯
1885450	谭逸敏
1885451	赵伊聪
1885452	阙丽雯
1885453	吴雨涵
893002	张之亮
1784998	焦俊艳
1272681	张峻宁
1280748	马梓涵
1311707	孙楠
1604353	袁成杰
1707604	刘晏辰
1707605	林琪
2078590	陆忠
2105355	孔垂楠
996311	吕良伟
1176670	安以轩
1249018	彭博
1399392	谢孟伟
1426401	刘奕君
1487136	徐光宇
1612234	范雷
1678477	杨涵斌
2226221	波多江清
2230289	金池
1249768	彭怀安
1300195	赵荣
1308459	彭新智
1800106	谭俊颖
1869391	丘光磊
1869392	王予嘉
1322459	尔玛依娜
1655009	班赞
1022553	赵亮
1149180	吕聿来
1248799	秦岚
1251745	郝柏杰
1816146	何杜娟
1882193	莫合塔尔
1882194	赵祥
1882195	小汤圆
1882196	齐二现
959551	吕颂贤
987361	丁海峰
1257261	陈紫函
1409231	刘天佐
1857777	金宜鸿
1858791	韩朔
1890527	张家铭
2015027	夏望
2197484	梅铃
2197486	阎安
2227417	杨欣仪
2227424	刘柏希
1244790	陈羽凡
1248950	赵毅
1260091	李念
1731782	颜冠英
1796662	陈有旺
1716960	马浴柯
1716966	马嘿阿依
1716967	戴佳佳
1819240	王丽涵
1257010	唐禹哲
1280546	吴建飞
1602691	董文军
1717128	陈真希
1717129	廖晓晨
1717130	郭帅
1301431	大山
1311715	李扬
1530563	林妙可
1591575	鞠萍
2224705	吴磊
1171314	崔杰
1300212	郝平
1718846	许玮宁
1718847	罗瑶
917286	张柏芝
991274	周海媚
1031375	大岛由加利
1034809	刘晓庆
1246588	金巧巧
1258001	戈春艳
1762728	刘冬
1805103	赵芊羽
1805104	王媞
1805105	肖明玉
1805106	杨紫彤
1887222	黄小瑜
953913	李曼
1254829	左小青
1304898	张歆艺
1318275	姚文雪
1322458	邱林
1522348	张超
1175868	刘交心
1307423	李彧
1689342	于小磊
2182617	刘超
1036309	赵雅芝
1257071	张超
1259909	陈曦
1260100	冯鹏
1301363	爱戴
1559999	高菲
1762592	张东
1762593	田龙
1762594	卢庚戌
950113	陈红
955012	黑子
1017227	钱小豪
1281879	余皑磊
1398004	赵柯
1497738	王柏杰
1879861	邓凯匀
1176303	赵宝刚
1177815	窦文涛
1784933	张馨予
1804626	邬逸聪
1855113	乐嘉
893434	蔡康永
954415	萧亚轩
1281001	车晓
1305710	党昊
1249407	姚琳娜
1249947	萧蔷
1468383	马天宇
1727669	谢纯鑫
892809	陈冲
1004057	麦咏麟
1458854	汪汐潮
1553630	郎祖筠
1667951	曾轶可
1673150	方大同
1717775	陈汉典
2148505	李欣冉
2179934	张志宏
2224866	袁欣冉
2225418	戚一鸣
2225424	萧白镛
2225427	于泽瀛
2225432	大目
2225435	张翔
1257878	向能
1595860	李虎
1731606	刘庭羽
1731607	薛刚
1731608	东靖川
1260427	李乃文
1497372	尚雯婕
922610	雷恪生
929939	金喜善
939294	吴军
997294	廖京生
1201209	方子哥
1248487	中井贵一
1250967	孙浩
1252045	冯恩鹤
1260070	黄海冰
1260531	毛孩
1887223	郑岚侨
1254368	张欣
1520405	詹佳
1755641	程玉珠
1861079	沈达威
1861080	谢天添
1861081	姜玉玲
1861082	王肖兵
1861083	胡平智
1861084	徐刚
925480	郑伊健
1157367	雷凯欣
1248697	胡歌
1821554	林更新
1945099	李雨菲
2141620	姚一奇
1259000	韦力
1259862	蒋婧
1430469	翟万臣
1734795	宋禹
1796359	任正斌
902944	罗永昌
934140	陈惠敏
1076829	顾冠忠
1101876	谭炳文
1161514	邵音音
1255733	贾晓晨
1308196	李海涛
1758457	欧阳靖
997146	王喜
1177628	陈思
1202074	洪晃
1415385	朱虹
1740599	肖雨雨
1768918	孙坚
1795019	刘十六
1797872	林菀
1799261	苏芒
1799262	岳敏君
1812100	姚文婷
1960194	鲁岩
1960198	杨凯迪
1981117	潘彦妃
2082864	朱杰
2154496	熊俊豪
2221972	王欣茹
2227105	王浩然
2230948	盛珺
2230951	曹鸿基
2230952	杨洛姿
2230953	张仟
2230954	施柳屹
2230956	孙菲繁
1248916	王磊
1254782	倪虹洁
1277326	岳跃利
1446355	张檬
1817390	王浩燃
1157365	景岗山
1255060	扎西顿珠
1410081	董立范
1681959	张璇
1810420	何洋
1810421	宗庸卓玛
939535	李易祥
1177843	江化霖
1749462	曹随风
1749463	苌哲涛
1749464	于根艺
1749467	杨佳宁
905251	阿甘
924887	徐少强
939878	李国煌
964740	恬妞
1252480	陈志朋
1574554	张立威
1706192	程野
1731945	小小彬
1736149	毕畅
1736159	王小虎
1807407	孙一夫
1823793	陈慧娟
1864515	高子沣
1896853	翟星月
2142823	石铭熙
2231202	王碧琪
931439	张申英
960844	周逵
1427457	田雨
1643836	国永振
1877874	张亚希
1897310	张惠志
2186503	罗二羊
2201484	王玥
2226972	刘谦
2227005	王早来
2227008	刘星禹
2227071	许江宁
2227074	项燕
1193305	何文辉
1259982	韩雪
1260936	刘晓虎
1322346	居文沛
1832412	崔准硕
954417	欧轩伟
1242027	黄华和
1268078	李施嬅
1835900	瑞莎
929029	陈慧琳
1257022	陈乔恩
1325937	罗仲谦
1408414	汪圆圆
1770798	张梓琳
1809561	夏梓桐
1809562	梁雨恩
2071558	刘双宁
2148043	张优
1149190	温迪·李
1407545	韩乔生
1591577	刘纯燕
1812097	李静
1812098	赵忠祥
1812481	彩虹
1087579	石兆琪
1177689	郝蕾
1240882	巍子
1249267	陈思诚
1309336	杜若溪
1160414	徐忠信
1249206	柏青
1440884	王东方
1896170	嘟嘟
2164071	李阳
1073460	孙建魁
1172656	范晓萱
1479867	李思博
1882175	盛鉴
1882176	吴迪
1883563	薛剑
1883564	李炳渊
924809	樱井孝宏
990102	关俊彦
1100297	竹内顺子
1228326	宋明
1296489	凌云
1413745	柿原彻也
1478522	张磊
1829312	山口理惠
1846369	张凯
1846370	季冠霖
1851677	刘婧荦
1851678	王凯
1851679	敖磊
1851881	张遥函
1851882	陈浩
1851883	杨默
1851884	李世荣
1851885	刘靖荦
1851886	边江
1851887	马海峰
1851888	郭政建
1851889	唐小喜
1851890	汤水雨
1851891	茅菁
1851893	赵慧珊
1851894	张震
1851895	程寅
1851896	齐思伽
1851897	文贤
1851898	严明
1851899	罗宏明
1851900	刘九榕
892855	何平
892963	吴宇森
923643	黄觉
925888	冯远征
950112	刘佩琦
953828	舒耀瑄
987356	吕晓禾
990417	冯巩
990670	黄磊
991266	胡杏儿
997994	王新军
1055731	刘利年
1086465	唐国强
1143704	江珊
1143812	刘文治
1171396	张山
1175374	陈国星
1175554	申军谊
1175791	范伟
1176296	李湘
1177611	翟俊杰
1206936	韩三平
1248875	田小洁
1248956	董璇
1248984	周小斌
1249314	车永莉
1249374	周杰
1249661	佟瑞欣
1249830	范志博
1250981	刘劲
1255974	李歌
1256243	杜志国
1257711	刘涛
1257955	邹俊百
1258358	林申
1258470	李诚儒
1260030	任重
1266189	果静林
1274367	杜淳
1281351	林永健
1297501	杨阳
1311848	张译
1318478	赵保乐
1319083	马境
1406218	赵立新
1408492	祖峰
1410328	韩庚
1515620	张笛
1598541	张翰
1601764	维塔斯
1604359	王丹戎
1796363	刚毅
1798654	聂卫平
1800052	冯丹滢
1805462	徐海乔
1806030	于晓光
1845341	阿曼·达波
1864231	张晞临
1879768	高珑珂
2035804	代旭
2051391	刘婧
2230246	何显达
2230272	刘宏建
2230278	刘俊哲
924682	宋丹丹
1009454	何冰
1022558	王丽媛
1136653	陈小艺
1175342	黄宏
1176312	田成仁
1765365	赵屹鸥
924716	小田切让
927961	郑仁基
930114	金廷恩
931440	金康宇
1239767	金应洙
1249293	边熙奉
1258905	成东日
1272503	金正泰
1416711	安昭熙
1774785	金熙元
2050440	金兴来
2050441	李俊赫
949770	宋晓英
1249672	丁勇岱
1175621	田华
1747293	韩红
1749705	宋祖英
1752774	陈铎
1752775	彭丽媛
1752776	阎维文
1588530	夏侯琪誉
1713754	王全有
1749473	单如
1881777	袁家宝
2227117	张珏
2227144	徐子菲
2227153	姚蔚森
1013759	谢苗
1255362	林以政
1279056	熊乃瑾
1823549	陈思彤
1826562	柳海龙
2229673	刘汗
892974	徐静蕾
1143738	李亚鹏
1256194	崔达治
1256603	黄玉春
1287523	陈明
1302910	曹卫宇
1304028	徐冬冬
1704016	王芸
1807232	刘寅芠
1604354	戚薇
1766048	王大奇
1766049	白红标
2222999	维妮
1407909	高军
1750999	东方骏
1774667	赖晓生
1177064	东方闻樱
1248978	牛萌萌
1250481	王浩
1852878	张真
1055737	张光北
1175567	郑毓芝
1231292	何政军
1753041	袁文婷
1753042	陈道林
1827234	曹克难
893452	罗礼贤
1257039	立威廉
1259794	黄宗泽
1753061	冯媛甄
942079	关颖
947393	阿Ken
952321	杜德伟
997872	夏靖庭
1258077	乾德门
1269653	洪天祥
1279478	修杰楷
1294747	藤冈靛
1409372	纳豆
1619401	赵又廷
1679776	邹承恩
1689797	许时豪
1838078	吴仲强
1846293	高山峰
1874315	夏利奥
1874316	夏健龙
925890	赵有亮
1027328	雷汉
1175852	毛阿敏
1251651	黄幻
1252414	陶冶
1806167	尹昉
1095209	张瑜
1762729	汪普则
1762730	娜芝叶
1839488	积阿迪
1839489	黑皮
1839492	胡春华
1839493	丰春梅
1550007	鲁诺
1755117	夏嘉伟
1858806	郝好
929576	郑希怡
940067	伍允龙
1022270	何家劲
1022474	元德
1076197	唐伟成
1299215	郑晓东
1300349	莫美林
1733486	潘霜霜
2232731	黄勇刚
1308396	康璐洁
1784268	侯高俊杰
1312233	路晨
1314910	邱泽
1330730	林秀君
1508087	赵丽颖
1550002	吉杰
1689344	王思雅
1118963	田原
1789119	李承鹏
1789120	张天其
1789121	谢晖
1789124	李凯
1018647	张海燕
1193300	任斯璐
1248643	胡静
1612491	王新宇
1750121	张丹峰
1783170	林柯彤
1783171	宋轶
907166	邝文伟
908079	钱嘉乐
923223	钟丽缇
937422	阮德锵
938503	余安安
942180	梁焯满
957610	吴志雄
959555	杨恭如
997102	万梓良
1044175	聂安达
1175116	黄志伟
1662319	卢颂之
1681573	贡米
1744448	谢婷婷
1770903	何思谚
1803374	孙德林
1834534	陈奂仁
893089	江平
939538	艾敬
985029	陈佩斯
1063200	朱时茂
1250049	王思懿
1252046	刘江
1256772	阿朵
1275053	丁志诚
1275345	刘惠
1534618	尤浩然
1566713	乔任梁
1655005	赵英俊
1675588	赵宝乐
1796515	杨大鹏
1812373	高姝瑶
1818207	刘全和
1818210	刘全利
1818211	郑健
1818212	朱青阳
1254994	王森贵
1256196	刘威葳
1293139	丹尼斯·吴
1709782	曹苑
1789292	陈翔
990050	李滨
1565042	大冢匡将
2157882	盛冠森
1175558	常晓阳
1682509	冯波
1873567	原雨
956795	马伊琍
1308405	郭京飞
1398324	王耀庆
1413704	白百何
1754384	邓安奇
1800246	彭冠英
1876546	张子萱
2156980	李晓峰
1598940	郑爽
1639665	谢楠
1716128	柳岩
1730172	杜十五
1835441	包文婧
1870129	蓝盈莹
2227115	翁婧
973288	范文芳
1518718	杜建桥
1769924	宇秋
1796364	王博谷
2154597	梁超
1257033	隋棠
1925931	谢依霖
2051138	康康
1159633	傅华阳
1255559	洪彬
1855423	曹帅
1855424	周童童
1855425	江雨霏
1855426	唐金
1855427	刘馥怡
1855428	张驰
1855429	阎夏炎
1864460	胡梦媛
1911470	刘彬
1993809	李正翔
2038261	刘北辰
2057730	王晓彤
2079178	王晓燕
2089763	罗玉娟
1018040	李琳
1175164	邰正宵
1176395	黄子佼
1246589	罗海琼
1258075	陈宣裕
1263783	范逸臣
2089444	林芮西
2091638	曹涤非
2091639	周蕙
927479	李彩桦
948760	叶童
957847	陈慧珊
1278969	馨子
1289880	邓九云
1301294	尚于博
1314897	涂黎曼
1321939	雷佳音
1763372	陈彦妃
1319084	史光辉
1663428	杜俊泽
1828546	李宛仪
2231957	林龙麒
923218	刘青云
929027	江美仪
937417	骆应钧
991276	万绮雯
1392499	傅嘉莉
1257244	张风
1522534	刘雨鑫
1732957	杨渝渝
1764819	杨舒婷
1764820	李兆民
1764825	赵祎
1494107	胡桑
1815350	焦婷
988632	高鑫
1257617	杨蕊
1268099	安钧璨
1769141	蒲冰墨
915068	胡凯莉
927119	陈大明
942188	安雅
1176731	袁立
1765471	虞俊达
1827330	陶佳
952134	汤盈盈
968565	林峰
1101739	郭羡妮
1307686	王一楠
1630548	韩栋
1735456	邢思杰
2229400	洪杰
917381	李海滨
1086631	武田铁矢
1406610	高以翔
1565072	赵炳锐
1574484	华少
2058324	王讯
2144171	刘春龙
2226235	姜希文
2226244	赵晓露
1253442	张雯
1282840	王永春
1765941	安峰
1825343	钱佩怡
1825344	盛翔
1842002	韩桢初
1301344	于小伟
1824088	王梓桐
1826655	谢晶晶
1856150	田璐菡
2070270	郭美美
1251739	林源
1723102	薛之谦
1770199	钱志君
1770200	邓紫飞
1770201	陈英俊
1770202	赵英龙
916473	姚明
1225693	金雅中
1531189	郭采洁
1789290	易建联
1789291	王治郅
1258497	王海珍
924249	杨淇
1252094	黄格选
1255777	李威
1257606	黄维德
1772387	孟丽
1896078	张瀚生
1896079	梁椰雯
1249009	杨幂
1257911	费翔
1258827	秦俊杰
1533503	姜宝成
1768063	郭柯彤
1835117	潘蕾
1918400	杨硕
1534875	刘迈
1774668	孙荐玺
1774669	鲁秋实
1774670	梁思琪
2226434	大江一郎
1769909	安又琪
962964	谷垣健治
1175679	喻亢
1248918	汤唯
1532727	周波
1578848	严华
1749373	郑伟
1255684	段博文
893394	刘永健
1286867	黄嘉乐
1302653	王佳音
1557935	洪天照
1770470	小衫健
1826710	李晨熙
1248988	张曦文
1258703	林鹏
1311836	李煜
2232481	詹慧聪
2232482	高磊
2232483	冯小勐
1299407	张琦
1249513	孙宁
1771936	白卉子
1775354	支一
954212	郑浩南
1429843	曾韦迪
1773051	杜小米
1313945	石天龙
1772516	余淼
1772517	陈飞羽
1772518	佴文
1793465	小沈龙
1252468	廖健
1258896	李伯清
1755233	杨乐乐
1256128	倪增兆
1270200	钟夫翔
1557047	杜晓书
1773052	文杰
1773053	罗灿然
1773056	邓育庆
1483770	任明生
1772714	赵慧利
1772715	脱一
1772716	杜明
1772717	王娜
1175724	娄际成
1259569	林好
1773009	赵肖男
1773027	李一星
893679	程青松
927909	陈奕迅
1252525	刘禹
1598540	朱梓骁
1903258	黄芝琪
892990	叶伟信
1011016	江欣燕
1012811	薛家燕
1172614	曾华倩
1192055	程前
1230780	陈曼娜
1282820	汪琳
1436974	谭凯琪
1670571	诸葛梓岐
956799	杨婷
1302049	潘淑兰
1801872	张媛媛
2173279	张杰
2189620	许魏洲
2215374	苏尚卿
2215375	九儿
2215376	薛立方
2215377	马正阳
1661973	秦子越
1792776	姜欣雨
1881188	孙瀚文
1908601	刘思博
1994347	杜婕
1252055	淳于珊珊
1448993	陶海
1551943	闵春晓
1778602	张伦硕
1778603	黄飞
951552	倪萍
1143761	常戎
1176275	蒋勤勤
1825461	林浩
1176295	梁静
1898883	胡继光
966029	张国柱
1009149	翁虹
1256816	荣蓉
1459431	郑恺
1805721	沈芳熙
1826902	胡睿
1835218	李媛
1297236	戚迹
1436665	刘辉
1805461	陈昊
1854451	丁子烁
1854453	李嘉隽
2157142	高艺涵
2231921	赵雷祺
893564	葛民辉
925481	毛舜筠
1134400	贝安琪
1175102	白韵琴
1497726	洪卓立
1521000	汤怡
1672557	朱璇
918713	宋佳
1258093	陈司翰
1525357	何晟铭
1749472	郭明翔
1860405	朱琳
1263637	庾澄庆
1866086	石锦航
1867271	林晖闵
1248885	张衣
1285133	李响
1807544	胡海泉
1908563	陶珞依
1981302	白凯南
1260415	修庆
1286460	赵会南
1431737	贾青
1860281	孙文婷
1862859	孟瞳迪
1862860	黄姿琪
1249034	王建新
1696800	张娜
1786776	左雯露
927402	苏永康
1177414	叶静
1200839	戴梦梦
1251538	陈静
1252646	甘婷婷
1318771	王伟光
1471050	于越
1533460	薛飞
1578820	李天翔
1826353	刘炆昊
1826354	尹蓁晞
1826355	李莉琳
1826356	井上朋子
1258569	苗皓钧
1442324	陈市
1463894	潘阳
1484401	冼灏英
1518044	张旭
1787913	李斯羽
1842631	郑茜
1842633	谢巍
1842634	马达
1842635	孙晨添
1981691	宋小莹
938975	许俊豪
992080	在熙
922623	袁泉
1275557	吴天瑜
1792297	齐杰
948754	石修
1269847	唐振刚
1273178	刘诗诗
1508884	朴熙植
1466756	文咏珊
1041330	岳红
1056111	金鑫
1148751	李幼斌
1175586	马晓伟
1175630	刘之冰
1249626	牛莉
1251108	赵晓明
1302731	万思维
1312234	徐箭
1313071	于波
1462876	王晶
1850623	吴其江
1850624	张小裴
1252537	高洁
1830528	石天硕
1257132	罗志祥
1505802	卢正雨
1704012	李尚正
1748325	程思寒
1794067	陈依淳
1876753	杨迪
1893435	唐艺昕
2010513	葛行于
2010514	陈炳强
2010516	张超理
2039678	黄孝传
2178807	张美娥
2178902	杨能
2186457	李高吉
2224891	张煜雯
2225778	刘占领
2225786	许敏
2225788	张伟夫
2225789	范富林
2225790	戴琪华
2225792	钟凯杰
2225793	余倩文
2225894	孔无双
2225897	文飞飞
2225899	黄海森
2225901	张万库
2225907	许文强
2225909	黎宁材
2225911	李桂栓
2225912	韩晓川
2226068	喻品
2226069	李勇波
2226071	龚梦颖
2226072	葛会雷
2226074	张红弟
2226119	陈兴香
2226120	张成龙
2226122	金锦女
2226123	徐彩香
945064	李佳
987556	沈傲君
1175736	张伟欣
1894226	路国奇
1894227	尤慧琴
1894230	王军
1894231	刘璐
1894232	张芃
1894233	季勤
1894234	王钦
1894236	梁松
1894240	王晓腾
1894241	薄雪
1894242	李阳
1894243	杨扬
1798730	刘剑
1798731	刘芳
1798732	刘姿伶
1798733	曹志颖
1254977	张秋歌
1281031	姚居德
1858752	贾媛媛
1249240	伊春德
1308232	郭家铭
1709845	章劼
1833739	陆昱颉
936261	车婉婉
984752	天心
1231366	龚慈恩
1249368	洪天明
1469205	朱健钧
2019699	郎月婷
2214781	安小龙
924269	许志安
937303	韩彩英
1812285	黄龄
1881261	胡淑芬
1159859	保剑锋
1255365	孙维民
1279725	郑玉
1287970	钱枫
1564095	伊娜
1751544	陶帅
1809323	石梁
1845295	李金
1970755	王曼妮
1810221	张琳
1810224	谢维彤
1001819	珍·玛奇
1781266	刘宸希
1827243	程六一
1265603	曹曦文
923228	徐天佑
924255	叶山豪
1803109	徐自贤
2228774	李政
1257793	徐海燕
1309377	夏泰立
1461788	佟小虎
1770826	张国庆
1808190	刘谦
1902224	杨增元
2225690	陶阳
2225692	谢尚辰
2225693	陈涛
2225694	宋卓媛
2225695	贾延鹏
2225696	杨何
2225697	吴增礼
2225699	丁青丹
2225753	毛威
1849208	吴俊余
1849210	巴哈古丽
2016968	白柳汐
1256495	李雪梅
1257949	尚华
1522763	李强
1638947	陈宝光
1803252	杨杏
1803253	李亮
1803607	马志安
1803608	臧照华
1803636	韩欢
1803639	倪良凯
1803640	田惠民
1803641	范淑珍
1803642	赵彦如
1803643	沈曼玉
1803644	汪雨林
2157823	王择谚
953589	石凉
970440	刘兆铭
1101850	郑嘉颖
1409349	刘俊纬
1456068	阎清
1251650	何苗
1425279	高海鹏
1474007	王皓
1807458	吴奇
1807459	王正权
1807460	王沛禄
1807461	夏铭浩
1808503	康小涵
923620	北村一辉
975573	林志颖
987491	韩在石
1252456	唐宸禹
1287155	李锐
1301456	吴婷
1521593	刘添月
1807757	李欣潞
1807758	孔铭
899876	尚格·云顿
976400	兰迪·库卓
2228313	艾唯
2228316	乐兴
2228320	熊晶
1255311	杨健
1809302	张泓泽
1809303	张烨
1809317	郭小龙
1809318	候松楠
1809319	马重阳
1809320	王异
1809321	朱红
1257761	杨雪
1874966	索朗卓嘎
2044919	阿旺仁青
2044921	拉旺罗布
893146	邹凯光
942182	胡枫
954416	林迪安
1000927	焦姣
1228567	郭锋
1460825	袁富华
1499597	江毅
1578837	叶景文
962654	彭耀顺
1425374	沙妮·文森
1745499	菲比·托金
1429795	鄂布斯
1547389	马光泽
2157143	平田康之
2157260	高军
2170293	蓝天
2230818	叶峰
2230848	刘超
2230870	冯薇朵
1177236	周笑莉
1533650	王晔
1764814	汤晶媚
1899385	杨露露
1174696	刘欣
1249159	邵峰
994199	吴毅将
1404243	林爽
1711931	三浦贵大
1820167	邓天晴
1879050	李广博
931811	金勤
944472	林依晨
1257046	王月
1257144	陆明君
1267577	陶传正
1426429	曹兰
1552348	曾佩瑜
1646888	杨子姗
1689704	苑新雨
1839529	李易峰
1861188	黄姵嘉
1871922	小优
1871923	米可白
1871925	纪亚文
1255627	孟秀
1278971	王辉
1301014	于又川
1409230	金粮
1434633	陈励
1816105	马景龙
1816107	杨地
929108	林一峰
1102457	彭健新
1250424	唐嫣
1275078	何美钿
1319421	安琥
1497618	韦炜
1497619	黄艺馨
1518720	王子子
1582620	谭维维
1714674	林二汶
1736662	张博
1755281	马剑棋
1799853	肖央
1799869	王太利
2229773	钟懿
2229781	马剑琴
2229805	缪杰
985618	金燕玲
1877935	李馨巧
912466	杰夫·蔡斯
913550	保罗·达诺
917343	大卫·詹森
917346	戴恩·罗兹
1012066	许晴
1102026	韦恩·摩根
1190356	诺亚·塞根
1421297	亚当·博耶
1477987	乔恩·艾斯
1571227	汉·索托
1667656	乔什·佩里
1250092	徐涛
1854813	阿兰
1854814	芒莱
1854815	赵岭
2232525	王博
2232526	汪席一
992990	钮承泽
1176673	唐治平
1252610	尹航
1525204	李晓川
1560197	张书豪
1818878	李桃
1866174	洛桑志玛
1866175	陈妍臻
1866176	黄健和
1866177	程琇英
1866178	仁青曲措
1866179	丁增
1249071	陈龙
1259379	徐熙颜
1657732	陈铮
1902946	东来东往
1902947	柯言
1902954	任珈锐
1902955	乔大韦
1892502	岑小林
1793660	孟霞
927396	郑秀文
1272625	季晨
1877856	杨奕
1877857	孙嘉一
1895545	傅传杰
914746	连姆·尼森
937617	本·布雷
1148324	乔·安德森
1175146	李国华
1260319	王虎城
1462545	李丹妮
1497373	庄思敏
1770560	张珂源
1803260	谢振轩
1865641	付天骄
1865642	陈金娜
1865643	彭根
2209985	关思慧
1027872	郑少秋
1250272	周渝民
1306711	胡东
1416712	金汎
1623366	马京京
2057514	林朝绪
2068636	言杰
2157243	赖迦童
893581	冯淬帆
937321	谢贤
1257087	彭于晏
1778440	刘碧丽
1942271	袁晓超
1966931	徐慧慧
1994489	申思
1875635	梁永军
1875636	景涛
1875637	艾二鹏
1875638	王忠
924685	阿部宽
940693	火野正平
954570	辛柏青
960293	松坂庆子
1028667	李淳
1248250	秦怡
1281008	张鲁一
1416690	染谷将太
2082007	刘昊然
2084908	欧豪
2181867	张天爱
1035283	初晓
1279058	赵熠洋
1826544	熊卫黎
1888130	宗晓军
1532544	许薇
1551166	杨金承
1698760	王澜霏
1757050	杨世瀚
1827098	顾又铭
1827100	弦子
2080582	谭歆柔
1025948	刘锡明
1176268	刘诗兵
1666578	刘倩
1749307	李奇龙
1965200	刘珈彤
1975110	林重延
1975111	梁展初
1975112	乔禹涵
1975115	刘雅琼
1175969	吴卫东
1307470	王晖
939396	张国立
952026	柯蓝
1175472	张志坚
1257275	李倩
1784611	袁惠芳
1873562	罗洋
1985196	姚静宜
1985197	彭家乐
1985198	张述
927912	李灿森
1715598	陈虎
1830485	叶青
2030392	陈国恒
2030394	侯友胜
924273	黄浩然
925488	邓健泓
934065	周丽淇
939703	张卫健
941291	黄伟文
957773	吴雨霏
1172864	杨梓瑶
1276459	张嘉倪
1409344	敖犬
1530865	小肥
1684999	李蕴
1806571	林欣彤
1880144	杨棋涵
1880145	刘欣宜
1880146	阎奕格
1880147	刘亭婷
1880148	邓雯心
1880149	黄俊淇
1938914	陈僖仪
1126167	迟蓬
1251533	孙敏
1286898	刘敏涛
1397077	吕夏
989748	徐成林
1175075	刘凡
1177043	袁玫
1280169	秦卫东
962219	吴家丽
1023585	单立文
1258063	方平
1875271	白茹
1257308	陈信宏
1258074	玛莎
1275560	五月天
1866087	冠佑
1866088	温尚翊
2229087	张雨剑
2229088	吴伯鹰
2229089	谈一乐
2229090	王文祥
941919	苏小明
953806	黄立行
1609285	李日焺
1736131	李艾
1739883	王菁锳
1256987	汪东城
1280536	钟凯
1526778	佟丽娅
1859024	赵静
1859025	佟晨洁
1859621	徐玉兰
1860692	何晶晶
1251628	张杰
1255165	李炜
1834507	武艺
1850910	谭佑铭
922649	刘五性
936259	陈雅伦
938676	狄龙
939706	黄日华
991009	吴启华
992189	火星
1007936	陈国邦
1034597	张国强
1044176	狄威
1058476	白彪
1173314	刘永
1410420	陈少霞
1859360	郭九龙
1882280	宋小宝
1167078	高群书
1255068	春晓
1719262	屈菁菁
1800289	张小北
1856087	袁婷婷
1874116	方然
2134533	荣益
2180499	王萌黎
1254743	张韶涵
1255710	鲁园
1696368	丁春诚
1901802	龚海铭
1283464	徐洁儿
1744170	黄义达
1594637	王伟男
1859039	魏冉
1859040	齐冰
1018616	孙淳
1508722	程媛媛
1837389	王文
1877096	山崎敬一
1095953	关礼杰
1522350	王传君
1760577	张逸杰
1883875	郑好
953956	宁静
1136699	陈宝国
2089735	屠洪刚
2089736	金昊
1842601	王丽丽
1143741	李凤绪
1260173	张小燕
1307461	麻维江
1743574	于俭
1872128	吴翩翩
1993268	姚宜艾
2112281	宋嘉豪
2227902	李孟夏
1003992	骆达华
1161231	梁丹妮
1257040	刘序浩
1856832	邹少官
941465	朴努植
1159900	胡兵
1852600	李浩轩
1018642	艾丽娅
1246592	房子斌
1258085	吕一
1250208	巩汉林
1256325	姜昆
1639345	袁淑梅
1843055	王逸宸
1069456	施建岚
1249273	李晓波
1256212	马盛君
1317845	牟凤彬
1839615	傅博琛
1839616	洪一凡
1839621	吴昊天
1839622	马坡
2162211	胡少龙
2162225	马宁坡
2162226	任轩瑜
1027325	卢奇
1175692	颜世魁
1176102	侯天来
1249176	黄若萌
1249825	侯钧升
1249829	王嘉
1259833	金鑫
1285502	丁柳元
1300949	王欢
1429833	周征波
1431048	王骏毅
1625927	山鹰
1626234	袁满
1670565	王晖
1646753	韩秋池
1817337	魏千翔
1841256	郭爽
1841257	腾格尔
1873903	余思潞
1873904	李琛
1881162	刘萌萌
1894725	钱入富
923230	关智斌
1290738	周显欣
1877949	金汐
1259997	毛俊杰
1695450	杨坤
1872964	孙一理
967537	彭敬慈
970191	蓝燕
1949954	修睿
1949955	蔡紫芬
1949956	陈欣建
1250787	胡然
1550005	苏醒
1896836	温超
1898000	田蕾希
1898001	李心彤
1898002	来福
1898003	马大明
1846371	宣晓鸣
1846373	陈倩
1859199	毛毛头
1518042	何静
1662973	武文佳
1871953	葛红霖
1932738	周亚平
2228821	孙麒鹏
2228822	王爽昕
2228823	刘印
2228824	孙丰
2228827	于元伟
917287	张东健
1025735	卢燕
1964426	王奕瑾
904630	李心洁
954847	段伟伦
1009146	曹永廉
1874531	倪晨曦
1177568	叮当
1254892	许韶洋
1900533	侯震
1900534	刘朵朵
1900535	潘斌龙
1901827	吕博曦
1189096	叶良财
1252093	王骏
1828557	翁卡特
1860410	李雅男
1958103	邱文博
2107892	陈立谦
1017859	温碧霞
1176224	王建成
1738569	吴友贞
2232485	李志
2232486	章杨
1858870	温玄煜
1301035	周中和
1485712	王永泉
1851285	刘南希
1907186	李洪权
1907187	白金泊
1907188	郭译文
949835	李丽珍
1036325	叶世荣
1668409	谈莉娜
1861094	松明
1872599	吴千语
1876406	陈嘉宝
1876407	潘杰宁
1872320	郑旦瑞
1872322	顾晓丹
1883762	姚珏
924254	周俊伟
1698078	林宥嘉
1853943	阎汶宣
1067361	赵娜
1300401	王静
1854982	尹建平
1859494	王骁
2203885	刘家瑜
2225906	田瑞辉
2230949	王渝颖
2230950	肖向飞
2230957	王梓乔
2230976	周洋
1889570	山新
2025720	皇贞季
2060062	白客
2224833	李佳怡
2224837	彭尧
2224843	熊王
892929	彭浩翔
893279	司徒慧焯
991253	曾国祥
991256	陈逸宁
1249923	王馨平
1749211	尹志文
1852584	马诺
1905835	魏雨琦
1906418	林兆霞
1295657	张永达
1641046	元武
2081854	张予曦
2109237	苏翊鸣
2113305	孙蛟龙
2113306	肖轶
2113307	王尧
2113308	杨一威
2113991	吴旭东
2117035	初俊辰
2117036	于柏林
2117037	扎卡
2229447	郭宏庆
927454	路斯明
1257936	陈怡蓉
1258078	澎恰恰
1398310	房思瑜
1500040	应蔚民
1671170	恭硕良
1254678	梁冠华
1305777	代乐乐
1476108	佟悦
1626339	王磊
1828274	陈月末
1857993	张一鸾
1872327	黄晋琨
1872328	谷倖仪
1872329	吴恩旋
1872330	李之浩
1256268	陈嘉桦
1256993	唐从圣
1457064	陈楚生
1795193	猪哥亮
1858211	丁莎莎
967588	王彤
1431158	范军
1663279	白军选
1688945	杨青倩
1858614	岳云鹏
1890068	贾玲
1302781	杨旸
1308473	钟弦
1319202	张佳楠
1887124	孙佺
1887125	罗梓瑄
1775118	周觅
1859142	于婷婷
2145084	金恩圣
2181234	曲少石
1148247	霍建华
942017	张耀扬
960073	玉木宏
1032050	汤镇业
1177152	汤镇宗
1177716	邱心志
1420454	亓航
1801290	吴汝俊
2047362	张籽沐
2225787	池程
2225791	曲泉丞
2225898	刘杰毅
2225900	郭金非
2226067	金延虎
2226070	李胜达
1248961	段钧豪
1858345	王碧儿
1254534	许承先
1265561	霍青
1396535	杨青
1452103	姜永波
1562238	谭松韵
1569836	谭飞
1659861	国文学
1688424	常索妮
1855845	田娃
1882046	常宝华
2006890	张文伯
2230721	马维福
2230722	源唯杰
2230723	彭秀平
1248593	宋宁
1827207	张钧涵
1246594	童自荣
1866198	刘风
900975	马特·达蒙
915124	威廉·达福
1796320	余心恬
1993256	陈学冬
2064404	鹿晗
2096001	王俊凯
2220249	刘冰
2220250	李亨
1252415	刘波
1879670	孙骁潇
1879671	吴楚
1879672	王思思
1879673	国庆
1888050	杨不悔
952025	耿乐
955881	朴艺珍
1189537	中泉英雄
1864459	吴静一
1872196	王秋紫
2068923	史梵希
941290	米雪
1249307	张钧甯
1321989	贺刚
1771930	张溪芸
1865214	信
1258838	刘晨霞
1896852	杨壹琳
1897157	孙继峰
1966217	冯莹莹
2225397	邓丁玮
2225398	徐静儿
2225399	白利卫
934141	原岛大地
1250581	邢岷山
1793186	叶子淇
1248757	岳秀清
1257767	林栋甫
1258694	夏力薪
1415381	张斌
1850630	张会中
1868405	陶为
1868416	张会忠
1868417	汪洋
1868419	冀佳彤
1868420	杨雅迪
1868421	庞清正
1868422	张坤
892961	吴天明
922620	葛存壮
967586	贾凤森
1050998	蔡鸿翔
1069203	仲星火
1071823	祝希娟
1175202	张华勋
1176014	陶玉玲
1177070	姚刚
1177505	管宗祥
1190842	高歌
1242572	唐佐辉
1254941	廉声
1256973	颜丙燕
1259897	戴军
1455725	尚天瞳
1858605	许建海
1884326	陈志宏
1249862	姚安濂
1278149	勾峰
1312756	柯素云
1459290	庄庆宁
1598478	赵祐萱
1691050	陈奕霖
1881699	王柯达
1881700	刘丽
893481	卓韵芝
908041	冯志强
939481	杜丽莎
994195	黎彼得
1097646	黄玉郎
1820328	卢觅雪
1847842	麦玲玲
1848795	翟凯泰
1878326	刘子千
1893873	龚琳娜
943798	阿牛
1101908	欧弟
1248695	周笔畅
1894262	祖晴
1251565	顾小白
1252496	宁财神
1415946	慕容雪村
1508362	史航
1688064	周云蓬
1892625	齐溪
1905003	孔二狗
1943922	张立宪
1949596	白燕升
1949597	作业本
1949598	张小强
1949599	王小山
1949601	王兵
1949603	陈芳铭
1949605	全勇先
1949606	方磊
1949607	陈露
1949609	赵明义
1949610	牟森
1949612	张阿信
1949613	张晔子
1949614	徐闻
1949615	舒可文
1949626	张恩超
1270771	杨晨
1913125	瞿澳晖
2106346	范哲琛
2106368	滕奎兴
2226151	吴凌云
2228335	梁晓强
2230154	王凯
2230155	杨凝
2230164	陈张太康
2230169	周志强
1055735	徐松子
1306512	戴春荣
1316441	吴兰馨紫
1876752	徐德昕
1876776	王宝光
1876777	赵春山
1876778	刘金
1876779	丹妮娅
1876781	付枚
1876782	武振素
1876784	杨丛溪
1876785	刘一鸣
1876787	王兆军
1876792	崔文俊
1876793	李冲
1876794	温东海
1876796	李洋
1876798	汤炜
1876799	董宏
1876801	沈洁
1876802	王阳
1886720	程国荣
941388	张娜拉
1289367	朱虎声
1892500	王紫逸
1905061	李广斌
1176702	高宝宝
1675588	赵保乐
1957874	金玉林
1957875	金日哲
2232754	朴正泽
2232755	洪贞花
2232762	高扬棋
1252486	张菲
1314705	小薰
1531233	丫头
1875534	锦荣
1880565	张训玮
1912757	池静依
1912760	张子庭
1175624	蔡明
1248772	宫景华
1251895	陈希光
1911520	徐汶萱
1911522	及莉
1911523	姜梦茹
1932741	刘静怡
1932742	苏悦华
1932743	乌雅心颜
1043969	潘虹
1044682	陈国辉
1175750	郝光
1248644	宫哲
1248955	焦刚
1248957	张瑶
1251666	由立平
1254677	李明珠
1308081	黄明
1663821	王佳佳
1691590	何丰
1823575	安宇
1841720	杨澜
1881161	王森
2007512	江疏影
2109332	崔文璐
2229067	高昂
2229068	孙诗
2229069	马晓宁
2229070	胡贝贝
2229071	黄金龙
2229072	李润珠
2229073	苗宪斌
2229074	李大光
2229075	翟翀
2229076	孙伟
2229077	张舜哲
2229078	张舜睿
2229079	林艳军
2229081	郝姗姗
1143753	常蓝天
1175338	王豪
1258237	赵禹博
1880036	张恩齐
1865361	童菲
1890608	许明虎
1260004	朱亚文
1838134	杜鹃
1901668	常方源
2226378	杜妍霖
2226379	余龙刚
2226380	王一儒
2226381	许世爱
1905114	乔诗语
1943102	金锋
1254653	袁国庆
1490265	黄莺
1993808	张安琪
2038264	游军
2145562	王燕华
901165	迈克尔·贝
926817	理查·里尔
942148	彼特·库伦
986686	马克·瑞安
1500775	丹·莱瑟姆
1646341	林柏宏
1690264	格伦·基奥
1824653	安娜·李
1895047	杰克·莱诺
2096009	邹市明
2096126	赵茜
2096127	李凤阳
2109325	吉丽
1052306	于承惠
1255543	欧克勤
1539292	李呈媛
1702232	宋洋
1765429	赵峥
2090774	王燕妮
2096225	李长麟
2176466	李桂生
2192516	马君
2225513	薄冰
2225515	谢勇
2225560	李一明
2226924	郝永峰
2226925	常忠建
2226927	张喆
2226928	杨富喜
1606584	赵树海
1889339	袁咏琳
1802838	刘筱筱
2232612	许佩云
952135	黄文慧
968214	陈炜
1174077	陈浩民
1485945	鲁芬
1516369	胡耀辉
2059814	雨侨
2089130	陈惠惠
2089131	包雨萌
2089132	王文绮
2057732	刘丹丹
2057733	王姿霖
1518719	王希维
1820137	大左
1957073	谢韵虹
2020943	高伟光
2084957	李晓磊
1259260	金珠
1625085	阚清子
1907013	聂杰铭
1258073	阿雅
1429528	何明翰
1973023	刘凡菲
1973024	黄一琳
1417546	贾孝国
1577140	胡小庭
1586780	魏君子
1867263	张海
1254472	陈数
1508277	阎晓明
1748312	冷中易
1886695	宋歌
1899224	张乃天
1498822	颖儿
1897047	武波
1600397	柯有伦
1896570	陈乔希
1249834	孙锂华
1809339	梁愚
1891688	许诺
2166828	杨晓蓉
1893927	张诗絮
1320947	张一鸣
1735127	徐正超
1879779	胡夏
1966093	伊力奇
1968327	杨悦
1968328	付滃
1968329	赵佳怡
1968330	鞠鸿宇
1258419	亓达吉
1332212	杨志刚
936262	玛利亚
1191204	薛凯琪
1822854	杨诗敏
1149172	刘心悠
1459092	王君馨
1485956	陈柏宇
1548744	梁烈唯
1662321	何浩文
1798677	戴耀明
1870443	黄智雯
1876854	苟芸慧
1937547	张建声
2059813	石咏莉
2059817	吴若希
2189116	松冈李那
2212415	陈嘉俊
2226454	余迪伟
1001265	梅婷
1305067	刘希媛
1248689	倪景阳
1300952	王烈
1899283	马志明
1899934	孙磊
1899935	张粤
1101843	葛蕾
1396831	曹议文
1173749	阮志强
1249483	傅冲
1251902	董娉
1273929	刘恩佑
1899107	曾祥程
1899108	王钧赫
1978818	冯文娟
924895	吴岱融
939283	刘恺威
1321586	王景春
1887425	李晨浩
2021738	梁雅高
1842192	宋珉宇
937428	秦煌
1227465	马蹄露
1260369	吴幸美
1260795	姚莹莹
1395842	冼色丽
1574026	徐志雄
1177068	王茜
1568740	买红妹
2021762	宋美曼
2021763	宋美慧
2227237	谭家荣
2227240	王云菲
2227242	胡俊溪
2227244	王洪胜
2227246	谭家雷
2227247	郭红梅
1258533	郑晓宁
1320946	牛军
1904191	付悦
926272	山本圭
927669	池内博之
1011741	左时枝
1097761	李铭顺
1452842	林江国
1904218	福地祐介
2064859	郭念秋
2064860	姚亦辰
893051	张坚庭
991994	郑文辉
1485745	方皓玟
1885294	陈文静
1995440	陈茂贤
1269851	张铎
1469460	杨强
1651581	陈宇
966188	徐敏
1911460	谢添天
1911461	桂楠
1911462	翟巍
1911465	海帆
1911466	彭博
1911469	李丹青
1911471	夏磊
1911472	冯骏骅
1911473	樊俊航
1911475	鬼月
1964398	贾伟
2081597	小彩旗
1500042	中孝介
1888591	李昕岳
1820349	王晨
1880532	康晓熙
2047223	陈祉希
2154211	尹思勰
2227029	王译唯
2237667	杨晟
2237668	王祤菲
2237669	周易
893286	许冠文
954431	苏伟南
954567	王亦蓝
1466941	郑融
1859523	梁冠舜
1859524	梁冠尧
2231161	朱予同
1249208	殷桃
1912462	张艾
1270199	吴卓羲
1331067	孙祖扬
1409478	陈志荣
1950001	陈轶
1950002	陆双
2092788	徐经纬
1175947	王劲松
1258191	侯传杲
1688049	丁嘉力
987358	顾永菲
1254462	王海燕
1259383	关悦
1440021	杜家毅
2074238	李咏
2077067	邱晔
1302680	吴迪
2227361	魏爱轩
1966196	冯嘉怡
954502	何超仪
1469655	陈妍希
1737578	黄芝琪
1259057	周波
1260562	安尼瓦尔
1297227	杨圣文
1838178	阿尔森
1869072	袁琛
1911441	马冬
1911442	艾克莱木
2040798	姜银圣
1176695	张谦
1256923	蔡伟
1301330	乔立生
1723589	周楚楚
1833792	刘莉
1994355	吴剑
2106389	徐海为
2227512	靳银艳
2229064	郑晚秋
2230907	尚大庆
2230914	阳阳
2230941	解雪晶
2230942	董阳
924891	林家栋
997154	欧锦棠
1171457	林嘉华
1942958	乌达木
1942959	小麦
902204	西蒙·佩吉
911754	文·瑞姆斯
1531759	乔乔
1598121	黄芳翎
1869363	陆翊
1970088	郑建鹏
1970089	陈建霖
1976332	赵卫国
1976333	唐唐
1976334	丁子玲
1976335	宁子
1999706	大秦
999881	袁咏仪
1721535	王梓轩
1959588	周定宇
1468385	翟文斌
1823792	柴碧云
1856480	王一
1925930	刘令飞
2073400	翁艳
2073401	雷诺儿
1720785	邬祯琳
1926455	艾俊龙
1926456	李凤鸣
949767	王志文
1176097	田岷
1202075	刘索拉
1304970	那英
2091274	刘陆
1280522	许飞
2104803	张正中
1170464	马德钟
1255281	臧金生
1462875	田牧宸
1819601	徐佳琦
954507	林国斌
2074928	宝儿
927476	陈辉虹
954425	黄燕强
1531161	陆永
1686915	姚坤君
1736687	陈凯恩
1779010	柯震东
2035602	余晓彤
2108304	钟承翰
2226168	周祉君
2226170	周慧淑
2226171	高尔衍
2226172	李鸿基
2226173	朱自然
2226177	李任乐
2226179	黄芳雯
2226180	张闻天
2226189	陈滢
2226190	林零原
1258192	李建
1639611	陈美行
1856479	赵奕欢
1877850	莫熙儿
1879732	董玉峰
1883940	秦汉擂
1912104	游艺湉
1991213	赵雨菁
1991220	李曼铱
1260423	王莎莎
1835645	钟欣怡
1177674	肖荣生
1249660	严屹宽
951885	安七炫
1088345	钟汉良
1177537	廖学秋
1815669	左岩
1993524	胡冰泉
1994302	李梦
1317680	王硕
1943869	王嘉俪
1285621	张咏荷
1818880	郭美孜
1869384	付梦妮
984770	陈芷菁
1076195	戚冠军
1477837	冯素波
2047200	思漩
991900	嵇波
1007156	张喜前
1281483	墨阳
1876465	李岷城
2030344	胡先煦
2227613	谭群
1879731	段黄巍
1981709	贺贤威
1015731	周绍栋
1252016	刘建华
1259792	王虎成
1524041	韩志
2035803	冉旭
2230168	张立东
2232712	仁龙
2232713	苏茂洋
2232714	王语嫣
2232715	楚留生
938677	姜大卫
1656091	弹头
1951549	杨瑞代
2044189	李心艾
2053785	黄俊郎
1257834	张跃德
1497263	田朴珺
1529168	艾伦·恩洛
1551165	王振
1974642	乔治·安东
2043642	冯仑
2084285	杨晨
2084291	柏明
2225200	闫锐
2230037	唐晓峰
2230039	杨秩
2230043	毛大庆
2230046	约翰·泰勒
2230047	公翠英
2230049	艾梓童
1262572	马文龙
1986878	周子扬
1803266	郑来志
2232197	李封乾
1957642	范楚绒
1957643	罗玉婷
1452331	石琳
1761026	林继东
1798846	沈陶然
1953887	赵擎
1953888	邢珊
1250193	王翔
1254750	罗京民
1899620	周泓
1944160	姜寒
2012161	侯茗皓
2063720	常远
2227061	徐志贺
2227063	杨树
2227065	谭德艇
2227069	宋玉芳
2227072	矫学峰
2227076	高嘉
2227081	孙艺芯
2227084	吴娱
2227088	姜永鹏
2227090	杨易霖
2227091	李聪妘
2227092	吴典娟
1414138	刘俊伟
2161919	李欣烨
2224892	高天照
2224893	李唯
2224894	郭滔
2224895	李善玉
2224896	李宛真
957848	张学润
1256948	李菲
1828157	邹娜
1860156	海鸣威
1990621	于宇昂
2051738	王妍
2051739	高健
2226418	赵博卿
2226419	杜存刚
2226420	田子琳
2226421	彭铖
1957019	孔千千
2045110	李飒
2045128	郑惠馨
2045147	付宇涵
1176087	刘佳
910587	塞斯·罗根
916889	韦恩·奈特
918960	吴汉章
950478	刘玉玲
1253827	朱珠
1254230	张纪中
2070030	郭子睿
2091421	黄忆慈
1074328	谢芳
1249537	李长江
1817338	于毅
1864288	张哲瀚
1865764	辛芷蕾
1968638	成毅
1008386	李保田
2085212	杨心仪
1249266	陈刚
1252137	赵倩
1260019	张琦
1332765	王沫溪
1473978	何明兰
1736729	王鹏
1838417	朱峰
1891398	黄坤
1979927	李现
2078401	刘辉
2228278	李兵
2228342	王天戈
2228345	杨鸣秋
2228346	孙仲江
2228347	张瑞田
2228348	黄首霞
2228349	刘善良
2228351	余龙钢
2228352	马跃武
2228353	曹超
2228356	胡伦波
2228359	吕慈民
2228360	陈昌民
2228362	刘梅香
1249673	王璐瑶
1251627	牛群
1533630	郭鑫
1802001	姜潮
1836618	金晨
1990416	邵思涵
1990418	朱芷玄
1249234	张茜
1279635	关凌
2006881	应际蕾
1414005	林珊珊
1490706	郑欣宜
1551103	赵硕之
1918813	关楚耀
1496543	孙强
1850810	钱学格
2068637	司源
1257158	童蕾
1518917	马晓灿
1970766	赵思园
1993426	张小觉
1177222	刘青
1978406	魏建云
1978407	王诗乔
1144929	钱波
1248681	张博
1251060	冯雷
1448078	王凯
1297258	赵娜
1267464	黄璐
2081990	张磊
2110327	王志华
2110329	黄军军
2110330	姜丹
2110331	穆怀鹏
2070993	于莎莎
2070998	康恩赫
923231	张致恒
1299822	高云翔
1318579	马玉成
1395841	泳儿
1503956	王敏奕
2044922	霍汶希
2047201	庄洁梦
2047203	谢佳妤
2047204	许靖韵
2047205	洛诗
2047206	张芷芊
914341	蒂姆·克里
927680	凯特·索西
1124610	马修·金
1176841	邢航
1200927	汤姆·肯尼
1251549	王斌
1260067	胡欣
1766639	安琪
1778808	孟非
1981711	林颖
1981712	李俊宇
1981713	梁爽
1981714	张沈平
1982443	连莲
1982444	程易
1982445	孙闻
1982446	石子光
1982447	王亦磊
1982448	蒋家兴
1982449	苏良筠
1982450	蓝天
1982451	钱钰
1982452	王珏
1982454	许文飞
1982456	王婧欣
1982457	马亚丽
1982458	贾进军
1982459	陆莹
1982460	徐钰
1565052	金依萌
1675187	彭杨
1876167	蒋劲夫
2058059	张歆莹
940043	朴韩星
2035951	高欣宇
2035976	章婷婷
2035977	孙绍龙
2051949	张皓然
2054937	李永波
1275370	韩兆
1979186	张楚焱
1979187	张凯辉
1979188	曹其昌
1396540	杨少华
1522296	杨议
1628924	赵津生
1761505	邵峰
1979192	魏伊
1897631	李传缨
1993810	杨梦露
1993811	高其昌
1176829	米学东
2038383	徐程
940060	梁敏仪
1260696	袁弘
1859248	吴晴晴
1891263	周娇
1965519	刘美含
1981654	廖景萱
1981657	曾挚
1981658	梁慧芸
1981659	王慧
1981667	袁奇峰
1981668	孙蕊
2007363	游杰
2007364	左左
2007365	郭莹莹
2007366	柴可
2007367	甄雪凝
2007372	周利书
2007374	易蜜儿
2007375	温世韡
2007376	强宇
2225208	唐梦娅
954500	温兆伦
1249170	杨斯
1028091	张铁林
1097675	齐秦
1534969	李小鹏
1817381	马樱侨
2053949	殷果儿
2054031	陈哈妮
2054032	井凌潇
2054033	李欣宸
2054034	孙子珺
2054035	王祉萱
2054036	姚菲菲
1784886	金俊浩
2001745	吴莫愁
901082	杰·摩尔
912919	乔恩·海德
964459	李美子
964460	郑美淑
1994283	李善
1994284	洪小英
1010900	周野芒
1615867	张源
1990388	吴天昊
1990389	于立
1993648	榕榕
1993649	汪译男
1995657	侯云贞
1995658	王彼得
1995659	孟祥龙
1991488	赵半狄
2044832	贾舒词
2230274	艾泽乐
2230275	高铭莉
2230276	张霖彤
2230277	过杰
2230279	郑跃博
892995	张建亚
893243	吴兵
1594209	马上又
1974619	王劲松
1994375	王一鸣
2173438	胡艺杰
2224897	肖逾榛
2224898	黄立范
2224899	陈桥
2224900	张杰
2224901	李保胜
2224902	许多
1688946	杨莹
2080828	李佳怡
2096448	阎萌萌
2210494	皇贞季
1534615	史力嘉
1878921	娜扎
2076965	麦克斯·黄
2163638	蔡鹭
1879730	郭晓小
2067444	钮宝平
2067445	常小婧
2067446	马斯瑟
1332207	吴成达
2042922	梁礼彦
2059810	李晓楠
2224549	黄子衡
2224556	黄志广
1321570	刘向京
1465691	刘凌
1766668	洪乙心
1879741	陈俏
1993042	韩雪薇
2099563	刘小佳
2099564	尹姗姗
2099565	孙建
2099566	马恺曼
953910	赵文瑄
1255205	周龙
1259097	陈旭
1837977	张梦斯
1873234	王婉中
1906930	王双
2056435	吾晟赫
2056436	石芳菲
2056437	高梓淳
2059064	吴沂凡
996324	太保
1257141	谢承均
1010126	江希文
1176502	吴克羣
1523980	班嘉佳
1627467	任杰
2084857	贾梓铭
1175584	郝岩
1175975	何伟
1297240	陈创
1993403	王艺禅
1030139	杨德毅
1259617	孙鹏
1562223	张文俊
1614883	张纹嘉
1623078	黎美言
1906948	程诚
2002966	盛君
2225623	缪韵茹
2225624	张惠美
2225625	张家骥
2225626	田星嘉
2225627	杨晶晶
2225628	朱瑶
2225629	陆俊俊
2225630	红头
2225631	庄士君
2225632	许志文
2225633	石子良
2225634	胡琪
2225635	朱建峰
2225636	刘岗
2225637	许德龙
2225638	王子丹
2225639	贾绍辉
2225640	朱丹娜
1300631	常铖
923644	罗伯特·琳
1175205	杨青
1437338	杨骏
2007523	倪慕斯
2007524	李星海
2007525	饶薇
2007526	易薇
2007527	蒲美辰
2007528	梁竟依
2045942	唐宁
893532	陈欣健
1257961	朱丹
1768195	李威
2009169	张浩天
1256961	兰玉珍
1259148	于彦凯
1802044	李瑶
1813667	牟星
1898483	李红陶
1911299	张静怡
2030671	崔汉基
2062024	刘二东
2087093	王道铁
2178387	陈孟奇
2212390	杨明
2225421	项昌群
2228270	吴思凡
2228271	兰玉
2228272	周士斌
2228273	陈新年
2228275	李宝罗
2228276	张宝龙
2228277	林云秀
2228280	潘磊
2228281	史万城
2228282	张彩虹
2228284	翟汇杰
2228285	朴云
2228287	郑燕生
2228289	憨勇
1458855	飞儿
2141290	宋伊人
2144740	张喜来
2157245	吴优
2195737	顾曹斌
1006086	王俊棠
1500757	俞子明
1672212	孟茜
1709848	古天祥
1822898	程妮
1885310	沈震轩
1885313	袁嘉敏
2074008	玛利亚
2084160	陈嘉佳
1249839	李小萌
1278972	姚芊羽
1566920	王雷
1821518	潘之琳
1798298	吴磊
2055990	刘钦
2101423	周佶
1095139	刘孜
1485219	陈卫
2015385	格桑
1256357	韩松
1397902	黄山
1522347	张殿菲
1926453	栗思涵
2021435	肖月
2021436	陈子儒
1249880	南贤俊
2020655	雅玫
1249039	郝洋
1595738	阳蕾
1999776	王洁曦
2017699	蒋松
2017700	刘政
2063413	张北北
2063414	龙雨
1184097	李逸朗
1238788	刘牧
2017751	沈夕浓
2018208	王翊菲
964736	苏瑾
1259511	蒙亭宜
1643266	刘璐珈
2095134	田源
1802042	杨奇鸣
1893098	王往
1902892	赫子铭
1479865	刘滢
1740865	张铎
1827538	屠育玮
2069418	隋咏良
2071164	常诚
2104703	葛天
2105388	钱思曈
2105389	杜语庭
962158	松田笃史
1256222	李小波
1396451	李欣
1667399	阿尤尔
1840963	王峰
1898873	颜卓灵
2164039	刘頔
2176787	曹操
2186392	黄西
2186403	魏小欢
2186404	王蕴凡
2186405	马亮
2186406	汪晴
2186407	杨明言
2186408	僧格仁欣
2186409	雅茹
2186410	昭日特
2186411	宋嘉壕
2186412	杜磊
2186413	葛永杰
2186414	刘金泽
2186415	严化远
2186417	王昊天
2186418	吴磊
1740000	王宁
2025668	向飞
2025669	边辉
2043666	王韵壹
1248853	姜峰
1254459	苗苗
1716968	余治林
1733549	潘泰名
2025738	尼玛颂宋
2025739	雷思颖
2025740	鲁宇飞
2025741	李梓言
2039591	戚云鹏
2055987	杨欧
2055988	苏鑫
2055989	贾志超
893296	吴文辉
1095957	谢元真
2027194	洪海天
2027195	谭满堂
2027196	严丽祯
2038260	胡谦
2038262	周南飞
2038263	付冲
966299	罗根·勒曼
1199751	乔·博恩瑟
2029675	杰克·班农
2030415	孙锡堃
1839078	鄢胜宇
2030596	戚小花
2030598	王大陆
928157	尹昭媐
1523929	蒋中伟
2032200	赵成彬
1257142	戴君竹
1304357	范玮琪
1804013	伍思凯
1850771	安心亚
1769918	杜鹏
2031368	王宣予
1257920	金铭
1869390	杨洋
2050244	严彦子
2051126	刘一男
2051127	李惠玲
1086587	中野良子
1250161	王建国
1860159	李纯
2032510	穆凤彬
1287182	王琳
1400883	郭碧婷
1496070	凤小岳
1993044	杜天皓
1994267	商侃
2027184	李悦铭
2047361	丁巧唯
2038150	杨鸥
1176106	潘婕
1500013	气壳
1569973	张含韵
2035805	吴昱瑶
2035806	张政
2050513	李青柯
2050514	卢茜
2050523	齐龙
1640460	谭笑
2076609	张秉君
2076610	张伟
2076611	陈光
2076612	孙尧东
2076613	马浩伦
2076614	万丹青
2076615	辛媛
2076616	刘思奇
2076617	张芷潆
2076618	任书瑶
1259738	王智
2051916	蔡景森
2056133	古月艺
1866199	狄菲菲
1884344	洪海天
2053408	张云翼
1255553	温海波
1256220	刘鑫
1446487	白羽
1798847	柳彬
1820173	陈维涵
2036141	朱增强
2036142	陈天淼
2036143	赵广兴
2036144	武丽
892813	陈会毅
893057	元彬
893110	陈淑贤
893225	郭子健
893254	龙比意
893308	徐小明
893426	董玮
893442	黄志强
1001544	李忠志
1011109	孟海
1075033	杨盼盼
1091793	邹文怀
1190864	郑保瑞
1258944	金培达
1470237	黄凯森
1798200	纪焕博
1267318	陶慧
1779233	赵仕瑾
2225557	刘妙
2229872	赵叶索
2230340	耿英埔
2230342	王芯
1257541	张金元
2084890	张慧雯
1159868	廉政勋
1749911	马铁摩
1896878	施诗
2091930	托默·奥兹
2218383	延政勋
939199	邵美琪
1938915	陈静仪
918971	朴云龙
923736	岑勇康
926845	袁之正
980619	关永扬
1432403	吴青芸
1520849	张舒雅
1745501	克里斯·彭
1804071	加里·扬
2096003	陈钰芸
2144701	大卫·林
2179809	刘承羽
2226407	金刚
1738545	周岩
1918354	石磊
2042979	李团
2042980	郭亚维
2047796	邓红
2047797	丁玲
2047798	李旭乔
2047799	白文显
2047800	郭瑞
2047802	宋磊
2047803	崔灿
1796519	韩一菲
2068131	伍麟凯
936380	汤杨
1176766	梁同裕
1304097	叶新晨
1686295	颜北
1843504	李德龙
1865687	林依婷
2160418	徐玺涵
2226695	邰勇峰
2226704	楚健
2226708	范金轩
2226709	张岳
2226710	周钟
1176253	车悦
1295352	汪永贵
1864746	李欣聪
2045289	裘斯
2045290	周凯文
2210503	图特哈蒙
2226247	杨晨
2091847	杜沁怡
2170709	吕卓燃
2225367	张依茹
1259348	张羽
2050406	郭艳
2047035	董子健
2053682	安悦溪
2053683	郄路通
2053684	蒋雪鸣
2053685	高浩元
2053686	谭楚峰
2053687	李天浩
2047418	路知行
2051378	杨逸飞
1299098	杨晓波
1778766	叶相明
2216618	杨轶
1240573	杨尚斌
1463830	陈伟雄
1990735	林盛斌
2009807	徐家杰
2076127	陈沛妍
2076271	徐伟栋
2216405	李凯贤
2227875	黄志宏
2227879	何浩峰
1557045	李佳航
2049866	冯铭潮
938151	傅颖
1590878	田子田
1873222	陈雅丽
2062750	彭宇
1035419	张进战
1123706	顾长卫
1175875	丁俨
1250817	张鸣鸣
1265710	王荷
1307958	陈逸恒
1507949	李晓强
1678320	陈赫
1908619	王凡
1991583	毕然
2039679	裘恩典
2067226	曹璐
2097203	马一傲
2097630	涂彦倪
2104195	宋冬野
2229886	孟召重
2236776	朱婉冰
2236778	朱婉清
2236779	朱婉玉
2236781	朱婉洁
2236787	福海
2236795	姚冠辰
2236796	严晗
2236800	张凯强
2236801	尹佳凤
2236812	邢思源
2236813	苏紫雅
2236818	冯政嘉
2236819	张嘉轩
2236820	张梦溪
2236821	王紫旋
2236823	刘紫凤
2236841	李佳
2236842	高宇
2236843	腾丹霞
2236844	雷泽纬
2236845	赵芸
2236846	宋欣禹
2236847	黄艳
2236848	神刀
2236849	谢永军
1251641	邹廷威
1256158	李建义
2052954	胡顺儿
2227619	李军如
2227620	张雅涵
2227621	王芷璇
1299712	荆浩
1525226	杨皓宇
1248906	刘子枫
1250558	王伍福
1259502	侯长荣
2077585	梁春书
2077586	熊晓雯
893567	陈勋奇
2229556	吴宸臣
1175632	茹萍
1291187	郭广平
2104097	凯文·李
2135729	洪卫
2148800	王森
2208442	庄小龙
2225433	刘腾远
2225436	闪嘉晨
1886662	赵楚仑
2078586	陈文波
2078587	郑晓婉
2078589	丁嘉林
1895059	李贤宰
2076962	任佑明
1821556	柴蔚
1935117	纪姿含
2103048	汤甄
2103050	张汉盛
2103051	姜洋乐
1558662	马思纯
2015727	高玉庆
2054388	南派三叔
2115496	张博宇
2203283	刘蔚森
2221936	房旭世
1224614	杜扬
1432191	王啸坤
1913126	曹阳
1989278	赵泽文
2084888	龚格尔
2098104	李家成
2159189	孙德元
2173441	姜志刚
2228683	戴文杰
2228712	陈一榕
2228714	冯千卉
2054522	姜瑰瑾
2169507	林彦君
2227787	陈明阳
2227790	崔帼夫
2227793	胡哲纶
2227807	胡立成
2227811	刘鹏杰
2227814	李香生
2227815	林泽延
2227816	刘立中
2227817	蔡瑞宸
2227818	吴沛轩
2227819	赖纬
2227820	杨智翔
1254681	李光复
1289508	蔡岳勋
1454289	汤志伟
1508723	王龙华
2078391	徐昂
2228361	李晔
1981292	张殿伦
1299859	王丽坤
1468106	李相烨
1599161	肖飞
1717603	马镜淇
1823791	麦迪娜
1856086	艾如
2036069	黄梦莹
2108050	李彧
2126931	单淑仪
2168637	朱先庆
2176788	关喆
2186509	侯森
2225591	胡嘉豪
2214334	赵敏通
1086464	盖克
1549998	小柯
2082011	欧阳娜娜
2102573	张小格
2104721	董妮娜
2158166	马伯庸
2226382	陈杭峰
927416	文峰
2063521	高泰宇
2118745	蒋中炜
938310	托尼·贾
967508	艾威
1251729	寇占文
1401462	林国杰
1578600	伍玉琪
2081773	蔡瀚亿
2232211	李漫芬
2232213	美成
2232214	梁汉源
2232215	杜飞龙
2232216	何庆辉
2232217	雷小明
2232218	陈翀
2232219	林零源
2232220	刘胜雄
2232221	陈智伟
2232223	詹植芝
2232224	李希卫
2232225	张顶
2232226	珞琦
2232227	姚鹏飞
2232228	陈鲁鹏
2232229	杜冠文
2232230	钟玉仪
2232231	周健许
2241433	张弛
1016672	童爱玲
1418467	王菀之
1860953	郭伟亮
1865303	连诗雅
2069679	王李丹妮
2084159	龙小菌
938153	杨爱瑾
1403833	尹光
1521248	黄建东
1877737	郑子诚
1937551	张暖雅
1969278	杨建平
1969620	梁嘉琪
2046617	张弛
2229873	苏民峰
2229882	邹文正
2082030	蔡洁
2082031	李汶桂
930802	金海淑
951452	池珍熙
1033817	顾美华
1137217	李泰兰
1249911	崔始源
2037692	尹真伊
2076286	朱千雪
1175377	李文玲
1701980	臧天朔
2103173	史彭元
2103174	施欣怡
2104661	周铁
2084922	商虹
2224706	孙晔
1993475	沈腾
2102726	雍梦婷
2106863	梁浩
1438778	齐志
1793666	廖蔚蔚
2064483	田雨晴
2088847	罗彬
2088848	张梦恬
2111350	汪奇
2112989	张欣颜
892950	孙周
1177718	王伟波
1249238	普超英
1720903	邵宇华
1860412	赵多娜
1969385	金媛
2088662	尹正
2189002	曾帅
2227103	潘米多
2227104	苏钰华
2227106	盖立
2227107	孙之麟
2227108	伍晓君
2084897	李舒燃
2084898	章小军
2084899	张志康
1257266	刘园园
1318052	梁超
1991791	栾元晖
2097028	赵曼竹
2097034	秦越
2099321	金星
1159642	佘诗曼
1260299	马国明
2118870	刘俊孝
2129397	马鑫
2228326	张倚雯
892952	田壮壮
2086789	董琦
1865334	汪峰
2009292	李代沫
2077009	张赫宣
2077010	金池
2077011	张玮
2077012	丁丁
2077013	王克
2077014	赵露
2077015	大山
2077016	萱萱
2077017	李秋泽
938980	孙佳君
1004623	毛俊辉
892842	尔冬升
892924	麦兆辉
893109	庄文强
1216042	黄斌
1249759	王志安
1259429	王昭
1552371	周鹏
1890962	田淼
2144736	姜涛
2144737	寇骏
2144738	覃培军
2144739	魏星
2148989	万国鹏
2148990	王婷
2148991	沈凯
2148992	徐小琴
2148993	林晨
2148994	蒿怡帆
2148996	张文斌
2148997	林俭
2148998	耿立树
1177753	王同辉
2069425	刘云天
953246	韩素媛
1250275	韩骏
1254071	曹扬
1301743	侯旭
1542750	陆一龙
1552763	孙亮
1677098	于台烟
2080583	徐利
2080585	刘曌
2081653	安圣浩
2081658	余薇薇
2120352	于果
2136743	徐鸥仪
2084949	辜承
2084950	江琳琳
2085258	韩真真
2085259	万小溪
1193299	贾康熙
1252587	蒙伟明
2071645	张建波
2071646	杨泽湖
2071647	郝在冬
2071648	阴海龙
2071649	范福林
2229544	柴政
2074074	戴维
2074075	斯力更
2080586	陈圆
2080587	李伟
1441224	徐立
1469160	黄阅
2091846	纪敏佳
2097631	金亿
1175602	王志华
1256117	余娅
1306514	三浦春马
2108347	沈柯心
2108351	沈柯仪
958815	林晓峰
1228559	车保罗
1819073	王利民
1891168	杨志英
2069161	林路迪
2166647	崔碧珈
2186416	阮毅雄
2186420	余天傲
2186423	何诺恒
2186424	徐佩瑜
2186426	徐颖翘
2186427	何绍宏
2186428	应诺
2186429	魏雨晗
2186430	王文雨
2186431	郑桂英
2186432	孙秀燕
2186433	张启桂
2186434	刘赛
2186435	许静静
2186436	金小麦
2186438	荀丹
2186439	程雷
1683863	林德荣
2080611	林德信
2227841	唐紫睿
1419269	王岳伦
2070028	小小志
2070029	王诗龄
2070031	田雨橙
2070032	张悦轩
2070196	张亮
923226	罗冠兰
1100266	吕珊
1260334	张松枝
2102723	田学维
2102725	徐靖雯
2079089	陈雨薇
2079091	刘黛希
2079092	徐可
2079093	香奈儿
2079094	杨心仪
2079095	崔倓
1452843	海陆
1509817	于小彤
1784965	缪俊杰
2135388	宋家腾
2224748	沈居辉
2224751	朱忆辰
2224752	肖米乐
1281482	陈滢
2103169	一情
2103170	朱东旭
2153864	周品睿
2227118	朱子墨
1086761	黎继强
1530800	黄永辉
1859194	迈克尔
1981491	吴亦凡
2118873	林允
2144833	汪铎
2252915	王超
1175649	米铁增
1256731	张永强
1301254	赵春羊
2078399	高东平
2078403	雷佳
2102244	杨玏
2138623	王刚
2069819	曲婉婷
2097754	郝凯瑞
2229548	常凯宁
2229549	李彩霞
2229550	李克伟
2229551	洛成
2229552	裴功勇
2229553	彭龙
2229554	于雪冬
2229555	蒋延良
1016215	金顺子
1476472	戴明
1793202	管乐
2090403	李芳淙
2090404	蒋佳雨彤
2090405	宋慈
2090406	姜帝同
2090407	鄂博
2090408	宋晏舟
2090409	孙娜
2090410	邓为
2228160	李玫春
2228161	展赫
2228162	刘璐
2228163	范淑贞
2228164	赵乐怡
892869	贾樟柯
2089799	孔连顺
2099284	高华阳
2100170	马达加斯加
920893	浅野忠信
1280437	吕行
1819380	杜江
892802	鲍德熹
2068921	吉克隽逸
2230064	侯伊荻
2230065	任芷铱
2147793	林宁
1177746	哈斯高娃
1307782	刘沙
1419396	师春玲
2096204	于笑
2096205	于嘉萌
2096226	谈莎莎
2096227	陈作深
2096228	王膺然
1618547	魏玉海
1733680	裴殷
2055063	谷尚蔚
2100572	林强
2100573	杨天翔
1858555	温心
2099269	梁钊峰
2099272	吴崇铭
2099278	陈健安
2099279	何建曦
2099280	何浩鹏
899071	谭家明
1467778	王槊
1810458	严乙恩
2059816	黎芷珊
2229547	邓汉强
2098074	邵亦琛
2098078	郭易峰
924841	子安武人
1009403	麦人
1174948	吴文伦
1191189	咲野俊介
1613064	园崎未惠
1836374	周帅
2057731	赵乾景
2150170	林子杰
2150174	刘九容
2303631	羽村仁成
2303650	远藤纯一
994193	程东
2105386	母其弥雅
2147815	魏璐
2147816	齐浠儿
2186340	刘楚恬
2186341	余辛
2186342	李韵迪
2186343	叶淑铃
2082705	付曼
2082706	郎鹏
2084910	薛斐
2084911	嘉熙
2084912	卡卡
1034596	林俊贤
1100344	柯俊雄
1287179	洪晓熙
1088404	程秀瑛
1760821	王冠逸
2108346	卢芃宇
2118054	黄灿灿
2163177	严禹豪
2218559	王梦麟
2218608	刘尔金
2218609	陈柏聿
2218610	林芷薰
2218611	游承峻
2218622	陈御弼
1678330	孙艺洲
1851023	韩丹彤
1473995	许娣
1255834	陈意涵
1269324	车秀妍
1980370	白瑶
2096043	张杨果而
1596831	罗比·诺克
2088551	徐晓龙
2088552	任浩铭
2088553	张父
2088554	梅海欣
2088559	张宁杰
2088560	陈酒刚
948767	关宝慧
1174557	卢宛茵
1289386	翟天临
1321893	林敏骢
2103013	刘宇轩
2126760	醋醋
2227962	王宇航
2227963	张甄妮
2227969	祝俊
2227971	辛悦
2227973	张敏
2098050	游君
1671506	郭书瑶
2113015	吴彼
1586623	李溯
2130324	易小寅
2084425	覃文静
2140032	马敬涵
2180657	邱璐璠
2227385	母华常隆
1248802	薛皓文
1258471	秋瓷炫
1908730	李依馨
2096447	辉灿
2096481	吴佩柔
2130322	赵姝婷
2227732	谷文泽
2237531	王子鹏
2237532	王腾
2237533	贺敬德
968306	黄子华
1021162	蒋志光
1426697	高翰文
1500915	孙力民
1547439	陈丽云
1578822	方志驹
1838181	于朦胧
1871942	何穗
2093684	于湉
942902	金永敏
2136744	吴维彬
1250899	张美娟
1595457	张璐
2015451	伊一
2093441	葛钰莹
2093442	铃涓
2093443	林强
2093444	李铫
2093445	王冠南
999880	古巨基
2133659	张豫玥
1249332	郑智薰
1253185	张彤
1749306	李彦希
2126921	蓝格
1260719	柯淑勤
1500328	陈家乐
2085430	卢恒宇
2118954	小连杀
2118961	朱雀橙
2118962	四刀辉彰
2172228	藤新
2225403	叮当
1248946	马丽
1897250	戴阳天
2086865	宣璐
1413776	魏晨
2094768	毕夏
929164	车太贤
937770	宋玉淑
1418978	藤井美菜
1422342	王志强
1698280	崔秦豪
1812689	宋茜
2170257	裴晟祐
2198134	庾恩美
2198135	严智星
2198136	郑硕溶
1175833	李佳璇
1879016	冯馨瑶
1175447	邬倩倩
1519102	徐佳
1566927	张晓龙
2097199	陈一诺
2099300	金志文
1876602	王若心
1991647	朱佳煜
2115452	西蒙子
1252506	贾一平
1795280	刘欢
2019305	奚梦瑶
1255568	王千一
2101118	杜双宇
1296118	陈亦飞
1968761	王良
2088814	宋睿
2088815	田甜
1054272	章杰
1268017	崔东旭
1613686	李宜娟
2119075	夏子涵
2140769	李炫臻
2147965	周雨彤
2174206	林丛
2227889	徐家豪
2227890	霍舒哲
2227893	刘梦梦
2227897	久淑敏
2227900	张景良
2227901	田珊
2227903	郝宣凯
2227904	朱兆丰
2227905	徐伯云
2227906	马福勇
2227910	靳锦
2227915	姜昊旻
2227916	刘子墨
2227917	王星钧
2227918	李天宇
1900580	蒋可
2091473	李晔
2091474	孙宁芳
1087575	康凯
1625310	李菁菁
1770051	李燕生
2212940	刘春霞
2227876	李勇
2227877	龙小乔
2227878	黄建业
926177	菲奥娜·肖
926686	肖恩·宾
942013	阿尔·索托
942515	莱妮·卡赞
971014	罗伯·阿彻
1319351	乔什·盖德
1459258	马克·威兰
1496044	马修·泰勒
1681276	马特·林茨
1764616	岩谷彻
2092166	布丽奇特
2116910	艾琳·扬
914338	雷·温斯顿
1248646	苏岩
1968254	刘韬
1993248	谢东燊
2154773	方芳
1841711	李云迪
2104804	蔡明丽
1285716	王迪
2125898	王玥波
2125899	周启勋
2125900	李小晨
2125901	张译心
2125902	李周
1489108	王永强
1523838	周采诗
1609198	白梓轩
2171914	邓美恩
1872107	朱晨丽
2108621	樊玲
2130079	文凯玲
2230067	罗子乔
1309341	王仁君
1299691	晋松
1328031	郭秋成
1802025	张静静
1257582	居来提
2093588	华晨宇
2093679	白举纲
2093681	宁桓宇
2093685	张阳阳
2093686	贾盛强
2093687	饶威
2093688	左立
2093689	范世琦
1272309	汪俊
2127250	蔡书雅
1248758	黄伟明
1294946	琛璐
1320801	李渊
1859586	郭常辉
1280108	姜文艺
1286574	王晓曦
1813286	红花
1802043	李婳
2098119	方俊
2098120	端木崇慧
1252048	赵健
914593	白灵
961578	乔翰·厄布
1010896	何赛飞
931129	郑京虎
1175445	王伟
1195850	金桢勋
1251667	张蓓蓓
1877830	张光
2130030	成俊
2130031	成彬
1879368	关雪盈
2138219	奚望
2096689	李卓远
2096690	孙心娅
2096691	李鹤楠
2102705	陈园
2102706	宋伟
2102707	陈嘉敏
2102708	王钟超
928504	王杰
954367	林子善
927912	李璨琛
1249110	柯佳嬿
1840792	喜翔
2113120	郑开元
2154114	崔志佳
2238461	大宝
2238462	花太郎
950790	吴浣仪
952133	龙天生
966449	欧倩怡
1004244	刘玉翠
1260342	河国荣
1512184	火火
1552344	王诗雅
2135804	何涴潆
2135805	傅舜盈
2135827	李咏珊
2135828	陈丽儿
2135829	利绵娜
2135830	狄哲龙
2229664	阿龙
1225275	贾静雯
1416195	周幼婷
1870680	徐诣帆
2194825	黄远
2227501	傅小芸
1258008	黄兴饶
1412760	钟超
1501901	牛朝阳
1596622	李克龙
1906929	张雪迎
2104747	关宇
2130292	杨梓邑
2163320	王修浩
2181379	王海兰
2226869	侯陆川
2228577	王宗泽
2228591	孙琦
2228592	王昊峰
2228593	金梓涵
2228595	马天艺
2228597	李怡锦
2228598	张泽禹
2228600	史雨诗
2228608	丁柯予
2228609	宋思奇
2228611	刘茜
2228612	张金喜
2228613	辛蕾
2099895	许峰
2100498	曹曦月
2169533	赖艺
2133910	陈都灵
923609	宋承宪
1603542	江语晨
2100706	孟佳
2148450	赵一铭
1534886	李昕芸
2101127	禹惠琳
1003419	高强
1249121	苑冉
1299695	李谷一
1673149	萧敬腾
1875627	张辛苑
1897048	叫兽易小星
2102392	葛布
2105248	王嘉儒
2111909	刘维
2116764	乔杉
2195401	许君聪
1136542	吴绮莉
1258719	杨玉梅
2101893	赵娜
1250881	王宝山
1262222	王星凯
1672761	刘新义
1824355	徐悦
1831735	秦伯坤
1897627	陈大成
1960199	崔陆萌
2102744	张傲月
2170779	董晓松
2210485	刘子威
2225481	裘继戎
2225484	李博
2225485	邹家豪
2225486	卡丽娜
2225487	赵贵祥
2225488	李春遂
2225489	张蒙生
2225490	彭志
2225491	崔晓鹏
2225492	刘洪林
2225493	陈韦然
2225516	尚言生
2225558	艾琳
2225561	闫长海
2225562	杜月
2225563	高肖雅
2225565	柳青伶
2225568	冯起龙
2225569	任思扬
2225581	李永平
892903	徐克
893292	麦嘉
1041210	石天
1228553	元宝
1802841	盖吉利
2120942	元庭
2227591	张贵博
2227593	石战彪
2227594	刘庆祥
2227596	闫凤民
2227597	马克西姆
2227599	华栖龙
2227600	吕然
2227601	都钊
2104164	常乐
1591576	董浩
2104389	红果果
2104390	绿泡泡
2104391	毛毛虫
1071820	张勇手
1095207	黄梅莹
1143722	高明
1175956	宋春丽
1176682	赵守凯
1177786	刘继忠
1254697	荆明华
1255372	小香玉
1255523	吴军
1281350	邹德江
1282588	苏丽
899653	陈天璇
923596	吉米·卡特
923224	苏志威
1007355	蔡一智
1052758	商天娥
1054534	蔡一杰
1057092	马海伦
1171917	黄宛苏
1195128	陈洁仪
1260569	鲁振顺
1285078	汪琳
1313659	胡渭康
1459338	吕慧仪
1900791	黄子雄
2166038	陆俊光
2167070	梁建平
2174284	陈慧敏
2174285	彭永琛
2174286	林颖彤
2103450	陈欣淇
914896	米西·派勒
918958	成康
1285158	瑞斯·考罗
2118957	郝祥海
2118958	王幸
2118959	王祺
2118960	朱蓉蓉
1249528	黄征
1760836	周元
2100823	卢杉
2174397	成侑彬
2230069	曹英睿
893226	阮世生
1803355	丁汀
913378	范·迪塞尔
1696064	瑞奇·缪斯
1798556	博·纳普
1882531	亚斯特罗
1942662	本·普拉特
1993863	麦肯兹·利
2131077	乔·阿尔文
2077285	沈婷婷
2115497	赵一维
1307886	田丽
1879681	任山
1901651	苗雅宁
927886	李玟
1280574	李晟
1736113	尼坤
1802003	柴格
1806031	魏大勋
2020945	张云龙
2139331	王佑硕
2226991	蒲萄
1451747	赵文琪
2106800	钟思华
1898482	田苏灏
2076638	毛毅
2102032	李依伊
1227177	洪秀儿
2113310	彭凌
1960176	田里
1678326	金世佳
1173408	谢宁
2020653	马志威
2213651	张竣杰
2224538	罗浩铭
2237951	张浩
2237994	周天宝
2237997	王宇
2238006	王礡
2238007	尼利特龙
2238018	刘嘉艺
2238298	萧松原
2091424	陆雨萱
2229048	于大伟
2229049	马竟
1173446	尹力
1259425	沙景昌
1267526	连奕名
1279724	于和伟
1738324	申奥
1885554	巴图
2096007	王源
2096008	易烊千玺
2106380	刘云龙
2161891	尚语贤
2186346	丁武
2186347	杜卡妮
2186348	吴谨言
2186349	贾双泽
2186350	徐乐同
2186476	范雪朋
1901763	管羽
2082032	李昊宇
2191609	李程彬
2229344	张澄
2229345	姜佩言
2229346	吴瑶
2229348	刘霞
1140379	索努·苏德
1951559	姜雯
2064407	张艺兴
2129733	成家班
2203563	母其弥雅
924898	利沙华
1171376	余慕莲
1254438	张婉芬
1426691	阮兆祥
1858903	黄兴国
2225207	梁永杰
2228166	刘敬雯
2228812	赵硕芝
2228813	郭伟国
2228817	卢子舆
1900584	王水林
2120817	孟雨田
2120826	赵肖宇
2184865	孙晓东
2184885	徐士博
2184886	殷伟
2227585	王明洋
2227586	邱琮巍
2229408	李心仪
1260027	刘思言
2091425	杨文昌
2225764	崔子格
2227821	邝颖麟
1811752	陆思宇
1869039	毕秀茹
1248684	吴倩
1523976	沈泰
2064419	黄子韬
1590888	顾晓东
2228596	丁恺蒂
2228601	有福正志
2228603	宫光岛子
1071827	寇振海
1889579	黑雯丽
1957023	李逸辰
1957066	王匡
2139061	邵胜杰
2159224	赵毅新
1002806	顾宝明
2228159	周骏超
1016977	刘天池
1256985	明道
1332208	蒋平
2114269	王自健
1252388	侯迪
1806101	李大海
1992930	高丽雯
2114121	朱青阳
1260093	张朝阳
1518043	袁姗姗
1729504	王小利
2154113	衣云鹤
2154115	刘晓光
1143746	李萍
1248738	王琦
1255327	于健
1256437	马驰
1259703	肖扬
1452096	刘坤
1961428	赵震
2058745	宋阳
2140316	马小茜
2148095	艾伦
2178316	陶亮
2223118	刘子凡
2233085	赵雪
2237606	周展翅
2237607	周华安
2237608	易波
2237613	一觉
2237618	顾佳欣
2237619	许猛
2237620	嫣红
2237621	刘叶舟
2237622	王磷
2237623	董良喻
2237624	姜田丰
2237625	郭恩强
2237628	常世奎
2237629	陆羊
2237630	冯满
2237631	刘笑竹
2237632	卢莹
2237633	张广洁
2237634	方菲菲
2237635	许登宇
2237636	朱波
2237637	何长津
924486	柳善
1197772	李准基
1456562	邢佳栋
2157355	唐菀
948761	李蕙敏
2229080	庄思明
993134	梁景东
2168501	荣梓杉
2168502	梁永浩
2168511	原文倩
2118956	张雪凌
1457813	李彩英
1300355	范湉湉
1403875	徐熙娣
1757985	梁赫群
1800326	李子峰
1819378	赵正平
2217050	利晴天
2273074	沈玉琳
924889	苗侨伟
1175789	徐幸
1253364	杨柳青
1396530	邵汶
1889517	是安
2022493	马妍婷
2129821	杨旭文
2196956	是之
2203103	郑晓忠
2203104	任洛敏
2203105	孟宽
2203106	徐礼明
2203107	陈志明
2203108	孙梦纯
2203109	陆介津
1307745	瑶淼
1857060	胡彦斌
1864907	秦舒培
2171347	欧阳俊文
2171976	黄晓婉
2227220	范恬恬
1249086	安韩瑾
1888028	汪启楠
2235624	潘肖
2235626	刘乐思
2235627	蓝可
1249309	黄泰安
1262055	林俊杰
1454134	素珠
1819377	王彩桦
1870320	林美照
1905696	谢炘昊
1905704	陈秉立
2230088	陈暮义
2230089	夏祎
2230090	黄西田
2145305	柳希龙
2145306	李佳奇
2145557	夏天
1873776	刘忻
1435933	林晓凡
2162771	曹汉超
2162772	刘挺
2162773	廖爽
2162774	陈雅澜
2162775	郭子干
2162777	花粥
954335	许愿
1248210	陆洁
1248602	张京
1256276	李栋
1260519	宋凯
1308234	张鹭
1312417	孙大川
1423999	王伟
1463598	李少飞
1957192	朱文超
2179709	许可嘉
2222787	邹轩琦
2226529	张悦驰
2226531	张振雷
2226532	于蓓蓓
2226533	秦樾
2226534	施翔
2226535	喜糖
2226536	牛强
2226537	乌拉孜别克
2226538	倪凯昕
2226539	师少龙
2226540	李顺洪
2226541	王世春
2226542	霍达
2226543	罗栋
2226550	张峻鸣
2226551	李韵臻
2226552	郭彬
2226553	孙征宇
2226554	吴同
2226555	白菜
2226556	王帅帅
2226557	韩建懿
2226558	何美璇
2226559	范可畅
2226560	罗康
2226561	夏雨
1176293	陈默
1960606	常海波
2096688	刘畅
2102250	白敬亭
2192243	郭姝彤
2192244	李宏毅
2192245	王鹤润
2192246	丁冠森
2203102	赵文龙
2203303	秦昊
2203304	张小厚
2226153	王佳慧
2228049	李程远
2228050	黄思思
2090555	宋芸桦
2090556	布鲁斯
2182620	王巍
2182622	赖虹宇
2182623	鞠月斌
2182625	申克
2182626	廖晨翕
2182627	赵然
1177658	刘晶
1306502	赵亮
893318	张辉
968569	罗嘉良
1176103	于小慧
1250663	马兰
1258618	郑罗茜
2154281	王一博
2154282	金圣柱
2224831	李汶翰
2121310	崔宝月
2190301	李萌萌
1233514	杨天祥
1434694	王云飞
2125475	阿桂
2155515	何冠男
1171274	施明
1174967	古明华
1409346	小煜
1409348	威廉
2131127	湛棋清
2229152	陈日丰
1249618	桑平
1553667	李明泽
1896111	林沐然
2165825	张大大
2186454	戴墨
2186456	杨春晖
2186473	晁坤
2186474	蒋世友
2186477	张宇坤
2186481	王琨
2186482	杨屿泓
2186483	程佳客
1903832	郭冬冬
2194128	韩朴俊
2058206	冯四
2068277	杜焕荣
2163771	孙怡
943990	李滨
1095954	孙耀威
1177124	安亚平
1756869	朱一龙
2294721	刘玥心
2178435	赵文杰
1176811	吴彦姝
1256581	娜依
1861221	王延明
1900276	韩张
2194176	刘志宏
1012374	楼学贤
1890903	王道南
2268020	张蚰云
2268021	马国华
2268038	陈万号
2268039	郭耀仁
2268040	刘芷凌
2268041	杜知晨
2268042	张哲豪
1022547	赵小锐
1053700	吴若甫
1249585	陆彭
1784740	王铮
2162720	许阳
2164031	巩承琪
2164032	李龙君
2164033	钟艺
2164034	郭洺宇
2164036	陈星羽
2164037	刘文擘
2164038	延翔
2164040	陈九涵
2164042	王晓亮
2164043	尚丽芬
2164044	曹青
2164088	王尧
1185750	鲍勃·汤力
1355117	凯维·莱曼
1876841	王阳明
2143513	戴向宇
2143515	于咏琳
2143516	陆思宇
2143517	盖瑞·迪恩
2157229	张道兴
2223873	叶方
2223876	孙科
2223880	王雪沁
2225264	丁妍
2226645	王琪
2226646	王耀
2226647	仰洋
2226648	张洋
2226649	吴凡
2226650	吴瑞
2226651	张元仲
2226652	赵晓
2226653	卢瑶
2020942	李溪芮
2132989	刘芮麟
2161184	聪聪
2223126	许龄月
2239791	项洪
1537140	丁川
2016969	胡悦
2139659	王子越
2172325	孙艺铭
2214336	王子腾
928711	申贤俊
931741	孙艺珍
994023	朴哲民
2159403	丁文博
2224653	付紫铉
1314642	詹秉熙
1786334	麦子乐
1877104	菁玮
2214333	何果轩
1258157	李媛
1259450	刘芳
1321901	秦丽
1867613	李鑫雨
2158165	李晋臣
2227414	刘洋
2227426	郑骅骅
2227433	邢嘉澄
2227439	李峥赫
2227441	卫国
2227497	幸子
2227500	徐国梁
2227511	田乐
893224	高晓松
2181392	于心怡
2181393	毕啸岚
1015436	向华强
1975109	朴载相
2226615	林莉娴
2226618	钟采羲
893018	竹中直人
920900	国村隼
923211	河智苑
986454	矢岛健一
1086849	福山雅治
1240292	田中圭
1267565	斋藤工
1299355	吉泽悠
1498943	樱庭奈奈美
1779721	冈本多绪
2299062	德永邦治
2299063	中村让
1553835	戴若梅
1836465	洪胜德
2141289	欧阳妮妮
2218809	宋柏纬
2218810	范少勋
2218811	郭子豪
2218812	江少仪
2218813	胡凯程
2218814	许纮铭
2218815	吴志庆
2218816	王俊杰
2218817	李振坤
2218818	黄重颖
2218819	饶伟鹏
2218843	廖奕璇
1258362	林育贤
1539622	尼克·墨菲
2096535	于文文
2178727	何承蔚
2183632	丁也恬
2228213	杨孟霖
2228216	晏柔中
2228227	辛菀蓉
2228228	张志民
2228229	陈彦廷
2228241	李宗哲
2228242	丽莎
1255832	李国毅
1661409	林辰唏
2176633	盛朗熙
1897049	刘循子墨
2069467	张本煜
2096709	小爱
2102400	柯达
2138882	崔璨
2139629	至尊玉
2178436	郑合惠子
2178437	王玲玉
2178438	胡洁琼
2178439	陈烨林
2178440	范晓东
2226154	雷跃震
2226155	冯俊杰
2226156	高海龙
2226158	叶晗
2226165	胡芷铭
2226166	肖慧芳
2226167	钱宥佑
1646887	李至正
1573981	郭敬明
1252808	沈浩
1657473	孙敏
2174435	白威
2214341	李超
2214342	张梦迪
2147942	陶典
2147964	赵路
2147969	拜月
2147970	刘圣博
1240570	杨雁雁
2098241	魏汉鼎
2137940	小茶
2225775	凌正辉
1835456	夏克立
2147202	刘诺一
2170797	胡皓康
2170798	夏天
2170824	邹明轩
2171064	林大竣
2098102	郝云
2148207	马丁
1263986	韦启良
1466939	黄品冠
1781256	曾泳醍
2043938	韩宝凛
2139874	陈峰
1294333	林兰
1489223	赵奔
2222808	高枫
2227921	曹旭鹏
2227927	高明钰
2227937	马斑马
2227940	王冠男
2227941	晓晏
1840830	郑秀妍
1023238	郝劭文
1067363	周红
1248998	吴旭
2211675	阿丽亚
1143687	吴玉芳
1254788	鲍大志
1329382	郭晓峰
1678321	李金铭
2229196	方清平
2229218	王梦雯
2229225	梅莉那
2229226	长江
2229228	何红军
2229230	刘健
940044	李政宰
1283455	丁一宇
2227026	涂世旻
2227028	牟丛
1726066	张佑赫
2227957	陆海涛
2226270	赵铭
2226271	张欣
936602	范植伟
1252076	王光良
1735163	梁静茹
2147205	江美琪
1071551	程天赐
1260548	金子
2126930	秦立洋
2143519	郭云奇
2163319	涵丰
2163321	常笑笑
2163324	任娇
2163325	王乙童
2163326	刘俐涓
2163327	张栋
2163333	李运佳
2163334	刘彭生
2163335	郎昊霖
2163336	刘咏梅
2163337	严佳茵
1191398	小出惠介
1251928	王菁
2240009	张艺上
1251839	六小龄童
1035284	孔琳
2115658	俞敏洪
2194712	姚蜜
2194713	王宝江
2227733	金玉倩
2227734	刘烨
2227736	朱安彬
2227737	孔令平
2227739	王孝桢
1250624	方征
1254299	高兴
1663427	罗晋
2188581	楼佳悦
2203284	周禹桐
2203285	桑贤福
2203289	黄德毅
1879688	戴子翔
2145545	翟子陌
2145546	徐歉
2228017	彭骞
2228053	梁立文
2070561	艾米丽·吴
2222381	张宇
980636	杜源
1816794	石原和海
2145133	曹舒慈
2228367	南好洋
2263830	彭子苏
2153731	王萍
2153732	孙博
929162	张赫
1870321	傅雷
1951553	潘奕如
2146649	千田爱莎
2146650	韩志硕
2186479	邓安宁
2186480	刘纪范
2228364	维多利亚
2228365	唐·杰罗姆
2009466	冷海铭
2020941	迪丽热巴
2133598	刘亚鹏
2164072	章静
2226870	刘泽宙
2226871	张星宇
2226872	梁世民
2226873	王晓青
2226874	高安艺
2226875	李欣泽
2226876	李全有
2226877	葛晓倩
2226878	王安琪
2226879	杨峻宇
2226881	苏欣
1543623	李敏镐
2238459	金瑜美
2238460	金民敎
1118962	蒋祖曼
2105045	张若昀
2227909	樊光耀
1255366	李磊
1259698	陈磊
1308575	王志刚
2203069	吴谨西
2203070	李彬
2203071	吴任远
2203072	王卿伟
2203073	腾飞
2203074	孙淑宇
2203075	孙建伟
2203076	杨斯亮
2203077	张帅
2203078	赵雪松
2203079	韩可心
2203080	郭海娇
2203081	李佳轩
2203082	栾慧
2203083	邢栋
2203084	岳抒钊
2203085	任珉
2203086	肖琪文
2203087	姜淇钰
2203088	李冠航
2203089	姚佳明
2203090	王翰林
2203091	朱星晔
2203092	董泽洋
2203093	崔晨旭
2203094	李楠
2203095	张金才
2203096	许吉强
2203097	冯彦琦
2203098	陈磊
1308591	刘莹
1856284	于胜军
2156825	史学刚
2156852	施佳加
2156863	戴佳峄
2156870	戴超航
2156871	殷筱瑜
2156872	张彦东
2156873	张拯
2156874	关睿
926553	迈克·泰森
1255713	黄志忠
1286672	傅宏
2221978	姬晓飞
2229822	侯伊健
2229823	王奇
2229824	林妍柔
2149203	春夏
1248850	宋运城
1256030	吴越
1258164	冯国庆
2159252	大村波彦
936041	永濑正敏
996602	叶德娴
1174466	唐宁
1249689	黄修平
1671622	森田凉花
2254523	梁文道
1304708	吴珏瑾
1457297	贾致钢
1467404	刘丹
1991792	周奎
2149474	苏晓彤
2149475	陆琦蔚
2149476	郭笑
1897308	任溯
1947383	刘雅
2182717	王少雍
2226902	汤潮
2226961	孙鹏昊
2226963	罗丹
2226968	俞超
2226970	王秀娟
2226981	赵佳英
2226987	张倾怡
2226992	赵佳豪
2226998	黄稀昱
1176697	郭凯敏
2118347	田雷
1601794	刘怡
1858188	祁琪
1897646	曹飞飞
2057833	田羽生
2186510	李甦
2186511	小苍
2225279	罗宇楠
2225280	张权
2225281	李文豪
2111377	蔡纲
2157224	姚欣言
2234299	沙全泽
2234300	李昊芳
2238807	蒋亭轩
2103467	王博文
2251417	王亚飞
2254443	田野
1248980	吕建民
1252051	杜娟
1903635	周璞
2204616	曹承衍
2204617	周艺轩
2232878	吕戛纳
2218802	甄琪
2154446	毕赣
2154453	陈永忠
2154454	杨作华
2154455	赵达清
2154456	谢理循
2154457	余世学
2154458	郭月
2154459	罗飞扬
2154460	刘林艳
2218055	杨江船
2218056	欧孟军
2218057	吴水得
2218058	宋大成
2218059	廖冬凯
2218060	曾帅
2218061	秦光黔
915319	梁佩诗
934994	雷·费隆
989087	西蒙·坤茨
1263644	大卫·安嫩
1627961	查利·布雷
1823240	查利·墨菲
2181410	吕云骢
1502072	梁子
2053230	刘智满
2053231	刘智福
2053232	刘智堂
2140757	郑媛元
2155987	任言恺
2155988	李志荟
2113018	孙忠怀
2174339	张宥浩
1707608	李嘉明
1961638	巩峥
2106383	罗昱焜
1254624	李玲
2158734	杨曼玉
2198281	陈宇星
2211490	叶思浵
2224607	李思雯
2229468	陶醉
2229469	郑慧馨
2229470	保仙
2225388	陈晓苹
1525205	施宁
2107728	杨晶
2234301	王云辉
2234302	岱江
2234303	董明
2234304	李诗译
2234305	甫枭虎
2225404	赵梦娇
2225405	陈大刚
2225406	刘浏
2225407	刘若班
2225408	张树彬
1259964	郭刚
2025901	白国伟
2160675	吴蓓蓓
2160700	张铎
2160707	郜振峰
2160773	刘黛希
2160775	赵今麦
2160777	戴萌
2160779	赵粤
2163639	黄嘉鑫
2228384	彭东旭
1857381	林珍娜
1917152	邱木翰
1999687	孙骁骁
2087097	梁琛
2145157	尹航
2227097	托尼
2227098	杨永聪
1248662	李洪涛
1255732	吴晓亮
1317358	刘亭作
1844581	刘端端
1897307	武强
1918657	姜晓冲
1176154	鲁牛
1604356	张和平
1865279	徐若琪
1943846	刘小宝
2163034	杜晓宇
2181323	李元鹏
2226984	洪江
2226988	黄迪
2226995	贾宏亮
2226999	程闻
2227002	付湘军
1795278	战立国
2233141	刘显达
2165892	索朗多吉
2165894	普布顿珠
2165896	格桑央宗
2229506	次仁多布杰
2229507	加布
1992096	马丹旎
2022280	李艳冰
2140636	张蓝艺
2163967	宋懿洁
2163968	蒋欣奇
2163969	王燕阳
2163970	邓琳颖
1251082	缪以琪
2162765	李卓霖
2261376	黄庭军
1259302	杨童舒
1535956	程雍
2015729	刘潮
2224534	邓欣
1248730	关新伟
1257133	胡玺龙
1303030	雷婷
2166636	许徐婷
2166637	李卓尼
2166638	姜艳嫱
946344	中村久美
952242	渡边哲
2189641	李一情
2189642	王子川
2189643	谭泉
2189644	黄立群
2189645	王伟东
2189646	刘娟
1009150	刘天兰
1020906	林文龙
1033787	林敬刚
1052760	杨天经
1087168	林伟
1171958	何启南
1284335	梁华生
1516841	何卓莹
1578827	梁浩楷
1693823	何伟业
1702057	朱慧敏
1803371	丁乐锶
2194534	符晓薇
2216402	黄文标
2228958	范振锋
2236936	黄泽锋
2236952	王贝儿
2236953	陆文卫
2237012	戚务振
2237017	伍家谦
2237023	蔡雪莹
1574253	关逸扬
1578424	王晓晨
2082592	廖子妤
2164387	郭奕芯
2164388	麦芷谊
2271232	吳岱融
1727476	徐玄
2064417	朴灿烈
1172088	陈秀珠
1172091	邵仲衡
1918814	姜丽文
2160421	李静仪
2185066	岑日珈
1903632	王宇
1903810	周骏
1962083	胡影怡
2168246	孙晨
2168247	李亚真
2168529	马薇薇
2250642	樊野
1000877	郑卫莉
1255750	周光大
1295630	方晓莉
2180341	王梓程
2084993	刘沛
2227881	曹路瑶
2227882	张汝柯
2227883	周子瑜
928940	大卫·贝尔
931931	宋智孝
1907886	邰智源
1675189	宗峰岩
2067453	念贤儿
2067454	于佳琪
2067455	林诗枝
1864747	罗翔
2155849	常奕然
2181381	苗青
2198280	夏星翎
2219414	赵吉
2219415	张力飞
2219416	曾漪莲
2171120	甄来威
2171121	陈柏寒
2114511	杨森
2141756	王峥
2181196	肖骁
2226174	高一清
2226176	祁汉
1546988	肖涵
2106358	冢越博隆
2304162	巩天阔
2304168	舒耀宣
1821555	叶祖新
2202314	侯明昊
2250360	焉栩嘉
2259792	邓恩熙
2155414	洛如菲
2179137	马程
2179138	苏俣
893628	黄建新
1519094	罗攀
2126539	黄尚禾
2209187	赵威霖
2273003	南伏龙
2273712	刘倬廷
988545	伍佰
1272854	孙明明
2172959	诸葛橙橙
2228546	胡珂瑜
2228547	张皓霆
2173238	秦晓飞
1176901	肖竹
1533504	卢靖姗
1681387	润土
2047753	李九霄
2145557	王紫璇
2154055	王彦霖
2182422	张亦驰
2198460	凌琳
2198461	陈诺
2198463	干豇豆
2198473	牟珊珊
2198474	宋汶芯
2198475	杨滨霞
2198476	王英明
2198477	李修胜
2198491	薛飞卫
2198492	张煌
2198772	谢晓奇
2199283	郭与行
2199285	沈小兰
2199291	汪冰雪
2227744	任敏
2227745	庞宗林
2227746	周峥琦
2227748	张文杰
1427471	李玖哲
1250627	李林
1558506	刘世杰
2148121	李尚翼
2196954	盖玥希
1944441	岳松
1945131	李长海
2197363	李宇菲
2197364	董江涛
1248792	刘莉莉
1678480	王琦
2176669	于震寰
2176670	王紫璇
2176673	王雪瑶
1970083	刘一辰
2161211	幺依田
2178696	段游
1397025	王俐丹
2146416	刘畅
2180974	张艺瀚
1308203	王挺
2208611	白宇
2265866	叶筱玮
2181380	姜文轩
2181382	刘力源
2226845	王丹
2226846	武朋
2226847	陈玥承
2226848	艾瑞甜
2226849	英玉
2226851	李咏梅
2226853	李梓瑜
2226855	何淼淼
2226856	唐风
2226857	刘历
2226858	曲金利
2226859	徐晓晰
2226860	王元一一
2226861	董静
2226862	李慧龙
1686350	王鸥
2181434	晨阳
2154139	李抒航
2226493	剑云
1260043	贾乃亮
1653542	刘慧
1820150	于洋
2097394	贾云馨
906769	管虎
1143768	韩青
1248751	斌子
1256984	炎亚纶
1259043	朱宏嘉
1265764	马德华
1490745	陈晓卿
1736164	刘小光
2186501	澳大利亚
2225765	成方旭
2201708	曾梦雪
2303338	罗米
2318078	叶可儿
965529	陈豪
976504	梁琤
1402071	蔡国庆
1426403	欧瑞伟
1434830	黄长兴
1602296	李成敏
1716491	陈俊嘉
1961341	翟威廉
2130250	邓维弼
2133655	吴海堂
2224535	卫志豪
2224536	张立峰
2224537	唐嘉麟
2224551	张秀文
2224552	李启杰
2224554	冯康宁
2224555	黎日楠
2224558	林荣中
1016209	孙茜
2227824	李诺诺
1255465	刘刚
2164599	黎心韵
2183635	张鹤伦
2304239	阎鹤祥
2304401	林琳奇
1171932	冯宝宝
1249001	王文杰
1511406	凯蒂·萨瓦
2185486	李依馨
1748290	王建
2186551	马林琦
2186552	王如
1009164	柯宇纶
1249157	黄健玮
1258076	许杰辉
1743304	陈竹升
2291695	毛银梅
2291696	何玉珍
2291697	韦绍兰
2291698	李凤云
2291699	张先兔
2291700	李秀梅
2291701	赵兰英
2291702	刘改连
2038237	谢容儿
2190865	雁子
2190866	郭中友
2190867	彭艺博
2190868	刘宝乐
2190869	江浩桐
2190870	车静子
2190871	孙曼龄
1689712	雷金克
2066115	李添诺
2190224	董向荣
2190225	韩丰
2190226	董怡君
2226769	李玉飞
2226770	满柠溪
2226772	郑小甫
2226774	康金凯
2226775	迟俊龙
2226776	唐孜悦
2226777	张晋添
2226778	金文玺
2226780	侯七
1873238	王聃葳
1919292	郝文婷
2067230	肖彦博
2106379	张国荣
2190606	吴曦
2190607	翟红玉
2190608	卢峰
2190609	彭中扬
2190610	陈宇鹏
916997	玛西·格雷
2100860	科洛·佩林
2191510	宋祖儿
2191611	北美崔哥
2191626	戴澴雨
930039	艾洛蒂·袁
936990	乔吉·格伦
2179854	诺洁·赫拉
1297829	朱芷莹
2146497	杨采钰
2225276	杨进
2225277	葛骏
1508733	高洋
2015028	陶思源
1898008	韩啸
2201468	邓伟锋
2217602	白雪岑
2217603	王琳熙
2217604	张予佟
2217605	陈丽阳
2217606	郭浩然
2217607	陈梅君
2217608	谢雅欣
2193676	张英席
2193677	高鹏
2193678	钱治国
2193679	武猛
2195681	雷佳
2197366	巨有燕
2197367	常通
2197368	刘海桃
2197369	刘扬
2197372	杜庆彬
2197373	王婷
2197758	赵阳
1255788	崔成国
2135634	骆佳
2159188	张瑞宇
2195402	孙建弘
2195403	费伟妮
2195404	卢野
2234621	周梓航
2234622	孔祥月
1254754	王光辉
1678494	徐黄丽
2198207	黎篠濛
2225228	乔菲菲
991280	太保
2166181	苏丽珊
2203622	灰熊
2203623	郑紫平
1718644	郑容和
1976059	徐仁国
2056122	索朗尼玛
2220682	刘小倩
2220683	王梓谦
2242811	黄星羱
2167068	陈彼得
913786	让·雷诺
2242371	游天翼
2097404	王元也
2106357	王秋明
2177209	白涛
2197016	吉静
2197017	李金燕
2225362	任怡洁
2225365	谷峰
2068053	杨珑
2096312	刘宇珽
2145204	陈欢
2197748	吕妍昕
2197749	郭子溪
2197750	蒋瑞琪
2194328	陈梓童
2085431	李姝洁
2291694	王祯
2167162	陈喆
2227251	姚雷
2227252	郭盛
2227272	李姗姗
1551165	王真儿
1718846	许玮甯
1945008	张念骅
2267473	梁杰理
2268735	杜函梦
1437054	宋佳伦
986950	陈法蓉
2287563	甄淇
1248593	宋宁峰
2302972	郑楚一
2302973	张林
2250072	师鹏
2204701	赵达
2217078	叶浏
1256476	孙启明
1266370	宇腾
1993812	钱柏渝
1994387	卞庆华
2069095	黄恺杰
2203947	安晨妤
2269264	林予晞
2205585	邓小婷
2205586	孙亚军
2205587	崔兵
2208010	施潮锦子
2216102	大汪
2216103	孙小妞
2210490	奶茶超人
2210492	陈博
2210493	安妮
2210496	天海无贝
2210497	林熊猫
2210498	崔健文
2210505	吴仲宇
2210506	桃宝
2210507	海涛
1259311	薛佳凝
1897625	卓凡
2210508	杨苏如意
2210509	鲍磊
2210510	任添琪
923610	金荷娜
1522304	文梅森
1248079	陈春生
1884252	耿一正
1991578	董博
2208517	徐子力
2217148	曹瑞
2234637	任素汐
2256546	楼云飞
2260555	陈玺旭
1193971	黑木明纱
1264289	林遣都
1819944	中岛广稀
1836370	周游
2266395	夏恩
2266396	姜宗远
959991	朱旭
1256263	沙宝亮
1467543	谢征宇
1805459	李奕娴
2080105	洪辰
2102251	杜维瀚
2159149	大兵
1588530	夏侯云姗
1937530	昆凌
2246050	王若溪
2277693	易正福
985034	郑雪儿
2286688	陈汉娜
1431490	李俊豪
2225097	刘俊昊
2225183	徐小溢
2225184	史耀中
1802002	张赫
1859920	毛晓彤
2022508	郑业成
2110319	牛骏峰
2142384	崔航
2157883	周宸佳
2165657	马春瑞
2203341	秦语
2216225	宋欣佳怡
2223509	刘颖伦
2223510	刘钰瑾
2223511	陆妍淇
1784966	徐璐
2220666	彭昱畅
2221604	鲁照华
2221608	韩忠羽
2221609	李诺
2221610	骆明劼
2226230	刘泳希
2279783	陈雨锶
2279784	乐思宏
1879726	高晓攀
1894357	尤宪超
2303844	金霏
2303845	陈曦
2218393	王淏
2218396	哆唻咪
2218398	陈苏
2218400	耿晨晨
1143821	陶慧敏
1254751	王菁华
1462596	朱子岩
2200394	花希
2241789	成梓宁
2273706	王旭东
2273707	张诚航
2273708	马泽涵
2273709	应亦涵
2273711	李扬
2218743	雷米
2248753	文淇
2077588	蒋叶峰
1177632	朱杰
2273032	陈芋米
2274295	张子贤
2137844	胡艺
2224452	韩娇娇
2224453	刘垚
2224454	邹亮
2224455	梁达伟
2224456	姚彦泽
2224457	王柏超
2224458	吴轶飞
2224459	张焕昭
1736710	王天辰
1823789	周放
2053953	张仁博
2156137	钟楚曦
2248831	王可如
2249082	隋源
2249246	苗苗
2312491	邝晓彤
2181385	刘小奇
2181387	姜星丘
2202390	蔡翱骏
2228283	姜涛
2228800	任青安
2228801	孙筱燕
2206730	海佟
2238800	魏翔
2238801	许文姗
1550737	王洪彰
1321205	江平
1396765	徐洪浩
1483766	曾肖龙
2231158	陈大伟
1945872	高阳
2081772	刘帅良
2228354	大力
2234635	周申
2234638	阿如那
2234640	裴魁山
2234643	卜冠今
2234644	韩彦博
2234645	刘浩亮
2234646	王堃
2234647	苏千越
2095112	周昕妤
2202389	郭亚菲
2212021	何乙轩
2235567	刘汉兆
2235569	郭玉英
2236449	李嘉雯
2236450	金瀚
2236451	赵浩杰
2236452	于小婉
2198472	孙伊涵
2238654	李荣浩
2240480	期期
2240974	熊黎
2240975	李春嫒
1233659	刘亮佐
2248095	李虹辰
2232848	梁龙
1175761	祝延平
1879806	杨净如
1975563	张文婷
2204239	谢钟灵
2226706	阿迪力
2300024	马也
2300025	范晋嘉
2300026	海哈金喜
2300027	左安一
2300028	蓝羽
2300029	艾米尔
2300030	武彦琦
1602296	克拉拉
2201909	王津
2201910	亓昊楠
2201911	屈峰
2201912	王五胜
2201913	王有亮
2201914	杨泽华
2201915	纪东歌
2201916	陈杨
1257094	孙莉
1606158	任容萱
2243525	张子琨
2243526	戎妍
2243527	庄承松
2243528	李泰承
2243529	刘青阳
1436078	张小斐
2245272	张泰维
1016964	肖聪
921351	荻原圣人
924256	小林薰
926273	吉行和子
959217	尾野真千子
996134	手塚通
1010506	西田敏行
1262864	成海璃子
1285101	山田凉介
2012919	门脇麦
2065928	铃木梨央
2088102	村上虹郎
2201470	山下莉绪
2267319	佐藤宽一郎
2281850	邹元清
2126541	李鸿其
2169244	文松
2191934	宋晓峰
2268746	曲隽希
2291659	曹然然
2291660	曹桐睿
1321900	张磊
1856481	古筝
2250701	刘洛汐
1249319	张芝华
1249439	贾妮
2259627	闫龙飞
1481654	于月仙
2300167	李亦航
1295101	孙涛
2186878	赵婷婷
2233352	党晨
2259768	朱琳
2262050	秦艺伟
1012682	楼南光
1073490	苗可秀
1460144	邓一鸣
1702060	赵永洪
2222174	朱鉴然
2259742	蓝靖
2259743	吴凯欣
2259744	陈建郎
2259745	陈景鸿
2259746	赖章亮
2180657	邱意浓
2294274	桂晶晶
2294275	孟晓芝
2265945	傅莹莹
2090161	佟心竹
2284472	幽舞越山
2284473	李兰陵
2284474	叶知秋
2284475	邢凯新
2284476	郝翔海
2284477	北斗企鹅
2185789	骆妍倩
2272999	贾邱
2226659	付博文
2268018	赵汉唐
1422128	黄晨
2271268	王衡
2271269	吴淳元
2271270	吴文隽
2268445	吕豆
2268446	禹祥
2268447	绿绮
2268449	小鹿
2190284	夏志远
2268980	王嘉宁
2287564	陈牧耶
2271683	亦风
2271684	李微漪
2298714	黄才伦
1260011	甘于晓雪
1301215	尹大为
1529277	张军
2086193	于博宁
2106069	于佳
2242210	黄榛
2272710	杨祖青
2272780	王斯琼
2272781	邢硕
2272782	诗梓佳
1476350	张宇
1796360	陈奇
2220685	吕绍聪
2309832	钟欣淩
2309834	陶思屹
2309835	朱然
1143777	胡亚捷
1803015	郑凯
1801138	曲哲明
1254850	金炜
2231036	吴海涛
2280145	豆豆
2280146	蒋孙丞薇
2286602	温小桃
2286603	陈洁菁
2286604	约翰叔叔
2286606	帅亦雯
1177069	王霙
2094823	罗云熙
936265	麦家琪
2284388	房星彤
1045762	史可
2165878	蒋欣悦
2243050	彭静
2287566	周美君
1263934	李佳颖
2288223	江兰萱
2288224	俞晓晔
2288225	马卉
2288226	徐勇
1259691	王璐
1657734	白恩
1849269	吕星辰
2078913	冯家妹
2205268	宋撼寰
2208520	晓凡
2296289	杨俊生
2296290	陈俊杰
2296291	刘俊焘
2090773	吴军
991282	屈中恒
2312859	郭馨雅
2312860	林佑俽
2312861	蒋笃慧
2312862	陈幼文
2312863	贺宇杰
2312870	傅品晟
2312871	江志伦
2312872	马国尧
2022489	刘圆媛
2235533	陈帅
2305953	丁莹莹
2305954	苏子芜
1249154	李颖
2167001	彭皓锋
1143814	王诗槐
1175479	赵静
1258506	刘小锋
